Workbook

Sheet Хср персы
B1: путь | C1: редкость | D1: тип | E1: возвышение | F1: колво | G1: материал босса | H1: материал возвышения | I1: материал следа | J1: босс следа | K1: талант | L1: атака | M1: навык | N1: ульта | O1: доп 1 | P1: бд1 1 | Q1: бд1 2 | R1: бд1 3 | S1: доп 2 | T1: бд2 1 | U1: бд2 2 | V1: бд2 3 | W1: доп 3 | X1: бд3 1 | Y1: бд3 2 | Z1: бд3 3 | AA1: бонус | AB1: талант духа | AC1: навык духа
A2: авантюрин | B2: Сохранение | C2: 5 | D2: Мнимый | E2: 6 | F2: =IF(AND(OR($E2=0,$E2=1,$E2=2),$C2=5),65,IF(AND($E2=3,$C2=5),62,IF(AND($E2=4,$C2=5),55,IF(AND($E2=5,$C2=5),35,IF($E2=6,0,IF(AND(OR($E2=0,$E2=1,$E2=2),$C2=4),50,IF(AND($E2=3,$C2=4),48,IF(AND($E2=4,$C2=4),43,IF(AND($E2=5,$C2=4),28,0))))))))) -> 0 | G2: Усмиряющий талисман | H2: Желания | I2: Янтарь | J2: Старые кошмары | K2: 10 | L2: 6 | M2: 10 | N2: 10 | O2: да | P2: да | Q2: да | R2: да | S2: да | T2: да | U2: да | V2: да | W2: да | X2: да | Y2: да | Z2: да | AA2: да | AB2: нет | AC2: нет
A3: байлу | B3: Изобилие | C3: 5 | D3: Электро | E3: 6 | F3: =IF(AND(OR($E3=0,$E3=1,$E3=2),$C3=5),65,IF(AND($E3=3,$C3=5),62,IF(AND($E3=4,$C3=5),55,IF(AND($E3=5,$C3=5),35,IF($E3=6,0,IF(AND(OR($E3=0,$E3=1,$E3=2),$C3=4),50,IF(AND($E3=3,$C3=4),48,IF(AND($E3=4,$C3=4),43,IF(AND($E3=5,$C3=4),28,0))))))))) -> 0 | G3: Электрическая корона тени прошлого | H3: Ядро | I3: Росток | J3: Конец мерзлоты | K3: 1 | L3: 1 | M3: 1 | N3: 1 | O3: нет | P3: нет | Q3: нет | R3: нет | S3: нет | T3: нет | U3: нет | V3: нет | W3: нет | X3: нет | Y3: нет | Z3: нет | AA3: нет | AB3: нет | AC3: нет
A4: броня | B4: Гармония | C4: 5 | D4: Ветер | E4: 6 | F4: =IF(AND(OR($E4=0,$E4=1,$E4=2),$C4=5),65,IF(AND($E4=3,$C4=5),62,IF(AND($E4=4,$C4=5),55,IF(AND($E4=5,$C4=5),35,IF($E4=6,0,IF(AND(OR($E4=0,$E4=1,$E4=2),$C4=4),50,IF(AND($E4=3,$C4=4),48,IF(AND($E4=4,$C4=4),43,IF(AND($E4=5,$C4=4),28,0))))))))) -> 0 | G4: Глаз бури | H4: Стражи | I4: Песнь | J4: Конец мерзлоты | K4: 1 | L4: 1 | M4: 1 | N4: 1 | O4: нет | P4: нет | Q4: нет | R4: нет | S4: нет | T4: нет | U4: нет | V4: нет | W4: нет | X4: нет | Y4: нет | Z4: нет | AA4: нет | AB4: нет | AC4: нет
A5: бутхилл | B5: Охота | C5: 5 | D5: Физ | E5: 6 | F5: =IF(AND(OR($E5=0,$E5=1,$E5=2),$C5=5),65,IF(AND($E5=3,$C5=5),62,IF(AND($E5=4,$C5=5),55,IF(AND($E5=5,$C5=5),35,IF($E5=6,0,IF(AND(OR($E5=0,$E5=1,$E5=2),$C5=4),50,IF(AND($E5=3,$C5=4),48,IF(AND($E5=4,$C5=4),43,IF(AND($E5=5,$C5=4),28,0))))))))) -> 0 | G5: Разрешение на работу КММ | H5: Желания | I5: Пуля | J5: Дань вежливости | K5: 1 | L5: 1 | M5: 1 | N5: 1 | O5: нет | P5: нет | Q5: нет | R5: нет | S5: нет | T5: нет | U5: нет | V5: нет | W5: нет | X5: нет | Y5: нет | Z5: нет | AA5: нет | AB5: нет | AC5: нет
A6: галлах | B6: Изобилие | C6: 4 | D6: Огонь | E6: 6 | F6: =IF(AND(OR($E6=0,$E6=1,$E6=2),$C6=5),65,IF(AND($E6=3,$C6=5),62,IF(AND($E6=4,$C6=5),55,IF(AND($E6=5,$C6=5),35,IF($E6=6,0,IF(AND(OR($E6=0,$E6=1,$E6=2),$C6=4),50,IF(AND($E6=3,$C6=4),48,IF(AND($E6=4,$C6=4),43,IF(AND($E6=5,$C6=4),28,0))))))))) -> 0 | G6: Пылающее сердце | H6: Сны | I6: Плод | J6: Старые кошмары | K6: 1 | L6: 1 | M6: 1 | N6: 1 | O6: нет | P6: нет | Q6: нет | R6: нет | S6: нет | T6: нет | U6: нет | V6: нет | W6: нет | X6: нет | Y6: нет | Z6: нет | AA6: нет | AB6: нет | AC6: нет
A7: гепард | B7: Сохранение | C7: 5 | D7: Лёд | E7: 6 | F7: =IF(AND(OR($E7=0,$E7=1,$E7=2),$C7=5),65,IF(AND($E7=3,$C7=5),62,IF(AND($E7=4,$C7=5),55,IF(AND($E7=5,$C7=5),35,IF($E7=6,0,IF(AND(OR($E7=0,$E7=1,$E7=2),$C7=4),50,IF(AND($E7=3,$C7=4),48,IF(AND($E7=4,$C7=4),43,IF(AND($E7=5,$C7=4),28,0))))))))) -> 0 | G7: Снежный рог | H7: Стражи | I7: Страж | J7: Конец мерзлоты | K7: 1 | L7: 1 | M7: 1 | N7: 1 | O7: нет | P7: нет | Q7: нет | R7: нет | S7: нет | T7: нет | U7: нет | V7: нет | W7: нет | X7: нет | Y7: нет | Z7: нет | AA7: нет | AB7: нет | AC7: нет
A8: герта | B8: Эрудиция | C8: 4 | D8: Лёд | E8: 6 | F8: =IF(AND(OR($E8=0,$E8=1,$E8=2),$C8=5),65,IF(AND($E8=3,$C8=5),62,IF(AND($E8=4,$C8=5),55,IF(AND($E8=5,$C8=5),35,IF($E8=6,0,IF(AND(OR($E8=0,$E8=1,$E8=2),$C8=4),50,IF(AND($E8=3,$C8=4),48,IF(AND($E8=4,$C8=4),43,IF(AND($E8=5,$C8=4),28,0))))))))) -> 0 | G8: Снежный рог | H8: Ядро | I8: Ключ | J8: Начало разрушения | K8: 1 | L8: 1 | M8: 1 | N8: 1 | O8: нет | P8: нет | Q8: нет | R8: нет | S8: нет | T8: нет | U8: нет | V8: нет | W8: нет | X8: нет | Y8: нет | Z8: нет | AA8: нет | AB8: нет | AC8: нет
A9: дань хэн | B9: Охота | C9: 4 | D9: Ветер | E9: 6 | F9: =IF(AND(OR($E9=0,$E9=1,$E9=2),$C9=5),65,IF(AND($E9=3,$C9=5),62,IF(AND($E9=4,$C9=5),55,IF(AND($E9=5,$C9=5),35,IF($E9=6,0,IF(AND(OR($E9=0,$E9=1,$E9=2),$C9=4),50,IF(AND($E9=3,$C9=4),48,IF(AND($E9=4,$C9=4),43,IF(AND($E9=5,$C9=4),28,0))))))))) -> 0 | G9: Глаз бури | H9: Ядро | I9: Копье | J9: Начало разрушения | K9: 1 | L9: 1 | M9: 1 | N9: 1 | O9: нет | P9: нет | Q9: нет | R9: нет | S9: нет | T9: нет | U9: нет | V9: нет | W9: нет | X9: нет | Y9: нет | Z9: нет | AA9: нет | AB9: нет | AC9: нет
A10: зарянка | B10: Гармония | C10: 5 | D10: Физ | E10: 6 | F10: =IF(AND(OR($E10=0,$E10=1,$E10=2),$C10=5),65,IF(AND($E10=3,$C10=5),62,IF(AND($E10=4,$C10=5),55,IF(AND($E10=5,$C10=5),35,IF($E10=6,0,IF(AND(OR($E10=0,$E10=1,$E10=2),$C10=4),50,IF(AND($E10=3,$C10=4),48,IF(AND($E10=4,$C10=4),43,IF(AND($E10=5,$C10=4),28,0))))))))) -> 0 | G10: Разрешение на работу КММ | H10: Сны | I10: Небеса | J10: Старые кошмары | K10: 1 | L10: 1 | M10: 1 | N10: 1 | O10: нет | P10: нет | Q10: нет | R10: нет | S10: нет | T10: нет | U10: нет | V10: нет | W10: нет | X10: нет | Y10: нет | Z10: нет | AA10: нет | AB10: нет | AC10: нет
A11: искорка | B11: Гармония | C11: 5 | D11: Квант | E11: 6 | F11: =IF(AND(OR($E11=0,$E11=1,$E11=2),$C11=5),65,IF(AND($E11=3,$C11=5),62,IF(AND($E11=4,$C11=5),55,IF(AND($E11=5,$C11=5),35,IF($E11=6,0,IF(AND(OR($E11=0,$E11=1,$E11=2),$C11=4),50,IF(AND($E11=3,$C11=4),48,IF(AND($E11=4,$C11=4),43,IF(AND($E11=5,$C11=4),28,0))))))))) -> 0 | G11: Огнемёт грёз | H11: Желания | I11: Небеса | J11: Старые кошмары | K11: 1 | L11: 1 | M11: 1 | N11: 1 | O11: нет | P11: нет | Q11: нет | R11: нет | S11: нет | T11: нет | U11: нет | V11: нет | W11: нет | X11: нет | Y11: нет | Z11: нет | AA11: нет | AB11: нет | AC11: нет
A12: кастория | B12: Память | C12: 5 | D12: Квант | E12: 6 | F12: =IF(AND(OR($E12=0,$E12=1,$E12=2),$C12=5),65,IF(AND($E12=3,$C12=5),62,IF(AND($E12=4,$C12=5),55,IF(AND($E12=5,$C12=5),35,IF($E12=6,0,IF(AND(OR($E12=0,$E12=1,$E12=2),$C12=4),50,IF(AND($E12=3,$C12=4),48,IF(AND($E12=4,$C12=4),43,IF(AND($E12=5,$C12=4),28,0))))))))) -> 0 | G12: Тусклый лунный блеск | H12: Эхо | I12: Бутон | J12: Поле битвы | K12: 10 | L12: 6 | M12: 10 | N12: 10 | O12: да | P12: да | Q12: да | R12: да | S12: да | T12: да | U12: да | V12: да | W12: да | X12: да | Y12: да | Z12: да | AA12: да | AB12: 6 | AC12: 6
A13: келус | B13: Разрушение | C13: 5 | D13: Физ | E13: 6 | F13: =IF(AND(OR($E13=0,$E13=1,$E13=2),$C13=5),65,IF(AND($E13=3,$C13=5),62,IF(AND($E13=4,$C13=5),55,IF(AND($E13=5,$C13=5),35,IF($E13=6,0,IF(AND(OR($E13=0,$E13=1,$E13=2),$C13=4),50,IF(AND($E13=3,$C13=4),48,IF(AND($E13=4,$C13=4),43,IF(AND($E13=5,$C13=4),28,0))))))))) -> 0 | H13: Амбиции | I13: Клинок | J13: Начало разрушения | K13: 1 | L13: 1 | M13: 1 | N13: 1 | O13: нет | P13: нет | Q13: нет | R13: нет | S13: нет | T13: нет | U13: нет | V13: нет | W13: нет | X13: нет | Y13: нет | Z13: нет | AA13: нет | AB13: нет | AC13: нет
A14: келус | B14: Сохранение | C14: 5 | D14: Огонь | E14: 6 | F14: =IF(AND(OR($E14=0,$E14=1,$E14=2),$C14=5),65,IF(AND($E14=3,$C14=5),62,IF(AND($E14=4,$C14=5),55,IF(AND($E14=5,$C14=5),35,IF($E14=6,0,IF(AND(OR($E14=0,$E14=1,$E14=2),$C14=4),50,IF(AND($E14=3,$C14=4),48,IF(AND($E14=4,$C14=4),43,IF(AND($E14=5,$C14=4),28,0))))))))) -> 0 | H14: Амбиции | I14: Страж | J14: Начало разрушения | K14: 1 | L14: 1 | M14: 1 | N14: 1 | O14: нет | P14: нет | Q14: нет | R14: нет | S14: нет | T14: нет | U14: нет | V14: нет | W14: нет | X14: нет | Y14: нет | Z14: нет | AA14: нет | AB14: нет | AC14: нет
A15: келус | B15: Память | C15: 5 | D15: Лёд | E15: 6 | F15: =IF(AND(OR($E15=0,$E15=1,$E15=2),$C15=5),65,IF(AND($E15=3,$C15=5),62,IF(AND($E15=4,$C15=5),55,IF(AND($E15=5,$C15=5),35,IF($E15=6,0,IF(AND(OR($E15=0,$E15=1,$E15=2),$C15=4),50,IF(AND($E15=3,$C15=4),48,IF(AND($E15=4,$C15=4),43,IF(AND($E15=5,$C15=4),28,0))))))))) -> 0 | H15: Амбиции | I15: Бутон | J15: Поле битвы | K15: 3 | L15: 2 | M15: 3 | N15: 7 | O15: нет | P15: нет | Q15: нет | R15: нет | S15: нет | T15: нет | U15: нет | V15: нет | W15: нет | X15: нет | Y15: нет | Z15: нет | AA15: нет | AB15: 1 | AC15: 1
A16: келус | B16: Гармония | C16: 5 | D16: Мнимый | E16: 6 | F16: =IF(AND(OR($E16=0,$E16=1,$E16=2),$C16=5),65,IF(AND($E16=3,$C16=5),62,IF(AND($E16=4,$C16=5),55,IF(AND($E16=5,$C16=5),35,IF($E16=6,0,IF(AND(OR($E16=0,$E16=1,$E16=2),$C16=4),50,IF(AND($E16=3,$C16=4),48,IF(AND($E16=4,$C16=4),43,IF(AND($E16=5,$C16=4),28,0))))))))) -> 0 | H16: Стражи | I16: Небеса | J16: Старые кошмары | K16: 1 | L16: 1 | M16: 1 | N16: 1 | O16: нет | P16: нет | Q16: нет | R16: нет | S16: нет | T16: нет | U16: нет | V16: нет | W16: нет | X16: нет | Y16: нет | Z16: нет | AA16: нет | AB16: нет | AC16: нет
A17: м7 | B17: Охота | C17: 4 | D17: Мнимый | E17: 6 | F17: =F16 -> 0 | G17: Снежный рог | H17: Амбиции | I17: Пуля | J17: Начало разрушения | K17: 1 | L17: 1 | M17: 1 | N17: 1 | O17: нет | P17: нет | Q17: нет | R17: нет | S17: нет | T17: нет | U17: нет | V17: нет | W17: нет | X17: нет | Y17: нет | Z17: нет | AA17: нет | AB17: нет | AC17: нет
A18: м7 | B18: Сохранение | C18: 4 | D18: Лёд | E18: 6 | F18: =IF(AND(OR($E18=0,$E18=1,$E18=2),$C18=5),65,IF(AND($E18=3,$C18=5),62,IF(AND($E18=4,$C18=5),55,IF(AND($E18=5,$C18=5),35,IF($E18=6,0,IF(AND(OR($E18=0,$E18=1,$E18=2),$C18=4),50,IF(AND($E18=3,$C18=4),48,IF(AND($E18=4,$C18=4),43,IF(AND($E18=5,$C18=4),28,0))))))))) -> 0 | G18: Снежный рог | H18: Амбиции | I18: Страж | J18: Начало разрушения | K18: 1 | L18: 1 | M18: 1 | N18: 1 | O18: нет | P18: нет | Q18: нет | R18: нет | S18: нет | T18: нет | U18: нет | V18: нет | W18: нет | X18: нет | Y18: нет | Z18: нет | AA18: нет | AB18: нет | AC18: нет
A19: мидей | B19: Разрушение | C19: 5 | D19: Мнимый | E19: 6 | F19: =IF(AND(OR($E19=0,$E19=1,$E19=2),$C19=5),65,IF(AND($E19=3,$C19=5),62,IF(AND($E19=4,$C19=5),55,IF(AND($E19=5,$C19=5),35,IF($E19=6,0,IF(AND(OR($E19=0,$E19=1,$E19=2),$C19=4),50,IF(AND($E19=3,$C19=4),48,IF(AND($E19=4,$C19=4),43,IF(AND($E19=5,$C19=4),28,0))))))))) -> 0 | G19: Предвестник раздора | H19: Плоть | I19: Клыки | J19: Поле битвы | K19: 1 | L19: 1 | M19: 1 | N19: 1 | O19: нет | P19: нет | Q19: нет | R19: нет | S19: нет | T19: нет | U19: нет | V19: нет | W19: нет | X19: нет | Y19: нет | Z19: нет | AA19: нет | AB19: нет | AC19: нет
A20: миша | B20: Разрушение | C20: 4 | D20: Лёд | E20: 6 | F20: =IF(AND(OR($E20=0,$E20=1,$E20=2),$C20=5),65,IF(AND($E20=3,$C20=5),62,IF(AND($E20=4,$C20=5),55,IF(AND($E20=5,$C20=5),35,IF($E20=6,0,IF(AND(OR($E20=0,$E20=1,$E20=2),$C20=4),50,IF(AND($E20=3,$C20=4),48,IF(AND($E20=4,$C20=4),43,IF(AND($E20=5,$C20=4),28,0))))))))) -> 0 | G20: Холодильник грёз | H20: Сны | I20: Клыки | J20: Старые кошмары | K20: 1 | L20: 1 | M20: 1 | N20: 1 | O20: нет | P20: нет | Q20: нет | R20: нет | S20: нет | T20: нет | U20: нет | V20: нет | W20: нет | X20: нет | Y20: нет | Z20: нет | AA20: нет | AB20: нет | AC20: нет
A21: Монцзе | B21: Охота | C21: 4 | D21: Электро | E21: 6 | F21: =IF(AND(OR($E21=0,$E21=1,$E21=2),$C21=5),65,IF(AND($E21=3,$C21=5),62,IF(AND($E21=4,$C21=5),55,IF(AND($E21=5,$C21=5),35,IF($E21=6,0,IF(AND(OR($E21=0,$E21=1,$E21=2),$C21=4),50,IF(AND($E21=3,$C21=4),48,IF(AND($E21=4,$C21=4),43,IF(AND($E21=5,$C21=4),28,0))))))))) -> 0 | G21: Гвоздь звериного гроба | H21: Хаос | I21: Пуля | J21: Поле битвы | K21: 1 | L21: 1 | M21: 1 | N21: 1 | O21: нет | P21: нет | Q21: нет | R21: нет | S21: нет | T21: нет | U21: нет | V21: нет | W21: нет | X21: нет | Y21: нет | Z21: нет | AA21: нет | AB21: нет | AC21: нет
A22: пела | B22: Небытие | C22: 4 | D22: Лёд | E22: 6 | F22: =IF(AND(OR($E22=0,$E22=1,$E22=2),$C22=5),65,IF(AND($E22=3,$C22=5),62,IF(AND($E22=4,$C22=5),55,IF(AND($E22=5,$C22=5),35,IF($E22=6,0,IF(AND(OR($E22=0,$E22=1,$E22=2),$C22=4),50,IF(AND($E22=3,$C22=4),48,IF(AND($E22=4,$C22=4),43,IF(AND($E22=5,$C22=4),28,0))))))))) -> 0 | G22: Снежный рог | H22: Ядро | I22: Обсидиан | J22: Конец мерзлоты | K22: 1 | L22: 1 | M22: 1 | N22: 1 | O22: нет | P22: нет | Q22: нет | R22: нет | S22: нет | T22: нет | U22: нет | V22: нет | W22: нет | X22: нет | Y22: нет | Z22: нет | AA22: нет | AB22: нет | AC22: нет
A23: рацио | B23: Охота | C23: 5 | D23: Мнимый | E23: 6 | F23: =IF(AND(OR($E23=0,$E23=1,$E23=2),$C23=5),65,IF(AND($E23=3,$C23=5),62,IF(AND($E23=4,$C23=5),55,IF(AND($E23=5,$C23=5),35,IF($E23=6,0,IF(AND(OR($E23=0,$E23=1,$E23=2),$C23=4),50,IF(AND($E23=3,$C23=4),48,IF(AND($E23=4,$C23=4),43,IF(AND($E23=5,$C23=4),28,0))))))))) -> 0 | G23: Усмиряющий талисман | H23: Амбиции | I23: Копье | J23: Старые кошмары | K23: 1 | L23: 1 | M23: 1 | N23: 1 | O23: нет | P23: нет | Q23: нет | R23: нет | S23: нет | T23: нет | U23: нет | V23: нет | W23: нет | X23: нет | Y23: нет | Z23: нет | AA23: нет | AB23: нет | AC23: нет
A24: Сандей | B24: Гармония | C24: 5 | D24: Мнимый | E24: 6 | F24: =IF(AND(OR($E24=0,$E24=1,$E24=2),$C24=5),65,IF(AND($E24=3,$C24=5),62,IF(AND($E24=4,$C24=5),55,IF(AND($E24=5,$C24=5),35,IF($E24=6,0,IF(AND(OR($E24=0,$E24=1,$E24=2),$C24=4),50,IF(AND($E24=3,$C24=4),48,IF(AND($E24=4,$C24=4),43,IF(AND($E24=5,$C24=4),28,0))))))))) -> 0 | G24: Аккордный мираж | H24: Желания | I24: Небеса | J24: Дань вежливости | K24: 1 | L24: 1 | M24: 1 | N24: 1 | O24: нет | P24: нет | Q24: нет | R24: нет | S24: нет | T24: нет | U24: нет | V24: нет | W24: нет | X24: нет | Y24: нет | Z24: нет | AA24: нет | AB24: нет | AC24: нет
A25: светлячок | B25: Разрушение | C25: 5 | D25: Огонь | E25: 6 | F25: =IF(AND(OR($E25=0,$E25=1,$E25=2),$C25=5),65,IF(AND($E25=3,$C25=5),62,IF(AND($E25=4,$C25=5),55,IF(AND($E25=5,$C25=5),35,IF($E25=6,0,IF(AND(OR($E25=0,$E25=1,$E25=2),$C25=4),50,IF(AND($E25=3,$C25=4),48,IF(AND($E25=4,$C25=4),43,IF(AND($E25=5,$C25=4),28,0))))))))) -> 0 | G25: Пылающее сердце | H25: Желания | I25: Клыки | J25: Дань вежливости | K25: 1 | L25: 1 | M25: 1 | N25: 1 | O25: нет | P25: нет | Q25: нет | R25: нет | S25: нет | T25: нет | U25: нет | V25: нет | W25: нет | X25: нет | Y25: нет | Z25: нет | AA25: нет | AB25: нет | AC25: нет
A26: сервал | B26: Эрудиция | C26: 4 | D26: Электро | E26: 6 | F26: =IF(AND(OR($E26=0,$E26=1,$E26=2),$C26=5),65,IF(AND($E26=3,$C26=5),62,IF(AND($E26=4,$C26=5),55,IF(AND($E26=5,$C26=5),35,IF($E26=6,0,IF(AND(OR($E26=0,$E26=1,$E26=2),$C26=4),50,IF(AND($E26=3,$C26=4),48,IF(AND($E26=4,$C26=4),43,IF(AND($E26=5,$C26=4),28,0))))))))) -> 0 | G26: Электрическая корона тени прошлого | H26: Стражи | I26: Ключ | J26: Конец мерзлоты | K26: 1 | L26: 1 | M26: 1 | N26: 1 | O26: нет | P26: нет | Q26: нет | R26: нет | S26: нет | T26: нет | U26: нет | V26: нет | W26: нет | X26: нет | Y26: нет | Z26: нет | AA26: нет | AB26: нет | AC26: нет
A27: фаэнон | B27: Разрушение | C27: 5 | D27: Физ | E27: 6 | F27: =IF(AND(OR($E27=0,$E27=1,$E27=2),$C27=5),65,IF(AND($E27=3,$C27=5),62,IF(AND($E27=4,$C27=5),55,IF(AND($E27=5,$C27=5),35,IF($E27=6,0,IF(AND(OR($E27=0,$E27=1,$E27=2),$C27=4),50,IF(AND($E27=3,$C27=4),48,IF(AND($E27=4,$C27=4),43,IF(AND($E27=5,$C27=4),28,0))))))))) -> 0 | G27: Агрессивный сгусток | H27: Эхо | I27: Клыки | J27: Взгляд на сумерки | K27: 1 | L27: 1 | M27: 1 | N27: 1 | O27: нет | P27: нет | Q27: нет | R27: нет | S27: нет | T27: нет | U27: нет | V27: нет | W27: нет | X27: нет | Y27: нет | Z27: нет | AA27: нет | AB27: нет | AC27: нет
A28: ханья | B28: Гармония | C28: 4 | D28: Физ | E28: 6 | F28: =IF(AND(OR($E28=0,$E28=1,$E28=2),$C28=5),65,IF(AND($E28=3,$C28=5),62,IF(AND($E28=4,$C28=5),55,IF(AND($E28=5,$C28=5),35,IF($E28=6,0,IF(AND(OR($E28=0,$E28=1,$E28=2),$C28=4),50,IF(AND($E28=3,$C28=4),48,IF(AND($E28=4,$C28=4),43,IF(AND($E28=5,$C28=4),28,0))))))))) -> 0 | G28: Призрачный пропуск | H28: Хаос | I28: Песнь | J28: Семя бессмертия | K28: 1 | L28: 1 | M28: 1 | N28: 1 | O28: нет | P28: нет | Q28: нет | R28: нет | S28: нет | T28: нет | U28: нет | V28: нет | W28: нет | X28: нет | Y28: нет | Z28: нет | AA28: нет | AB28: нет | AC28: нет
A29: цинцюэ | B29: Эрудиция | C29: 4 | D29: Квант | E29: 6 | F29: =IF(AND(OR($E29=0,$E29=1,$E29=2),$C29=5),65,IF(AND($E29=3,$C29=5),62,IF(AND($E29=4,$C29=5),55,IF(AND($E29=5,$C29=5),35,IF($E29=6,0,IF(AND(OR($E29=0,$E29=1,$E29=2),$C29=4),50,IF(AND($E29=3,$C29=4),48,IF(AND($E29=4,$C29=4),43,IF(AND($E29=5,$C29=4),28,0))))))))) -> 0 | G29: Чугун пустоты | H29: Амбиции | I29: Ключ | J29: Конец мерзлоты | K29: 1 | L29: 1 | M29: 1 | N29: 1 | O29: нет | P29: нет | Q29: нет | R29: нет | S29: нет | T29: нет | U29: нет | V29: нет | W29: нет | X29: нет | Y29: нет | Z29: нет | AA29: нет | AB29: нет | AC29: нет
... A49: яньцин | B49: Охота | C49: 5 | D49: Лёд | E49: 1 | F49: =IF(AND(OR($E49=0,$E49=1,$E49=2),$C49=5),65,IF(AND($E49=3,$C49=5),62,IF(AND($E49=4,$C49=5),55,IF(AND($E49=5,$C49=5),35,IF($E49=6,0,IF(AND(OR($E49=0,$E49=1,$E49=2),$C49=4),50,IF(AND($E49=3,$C49=4),48,IF(AND($E49=4,$C49=4),43,IF(AND($E49=5,$C49=4),28,0))))))))) -> 65 | G49: Гелидный хитин | H49: Амбиции | I49: Копье | J49: Конец мерзлоты | K49: 1 | L49: 1 | M49: 1 | N49: 1 | O49: нет | P49: нет | Q49: нет | R49: нет | S49: нет | T49: нет | U49: нет | V49: нет | W49: нет | X49: нет | Y49: нет | Z49: нет | AA49: нет | AB49: нет | AC49: нет
A50: аглая | B50: Память | C50: 5 | D50: Электро | E50: 0 | F50: =IF(AND(OR($E50=0,$E50=1,$E50=2),$C50=5),65,IF(AND($E50=3,$C50=5),62,IF(AND($E50=4,$C50=5),55,IF(AND($E50=5,$C50=5),35,IF($E50=6,0,IF(AND(OR($E50=0,$E50=1,$E50=2),$C50=4),50,IF(AND($E50=3,$C50=4),48,IF(AND($E50=4,$C50=4),43,IF(AND($E50=5,$C50=4),28,0))))))))) -> 65 | G50: Гвоздь звериного гроба | H50: Плоть | I50: Бутон | J50: Поле битвы | K50: 1 | L50: 1 | M50: 1 | N50: 1 | O50: нет | P50: нет | Q50: нет | R50: нет | S50: нет | T50: нет | U50: нет | V50: нет | W50: нет | X50: нет | Y50: нет | Z50: нет | AA50: нет | AB50: 1 | AC50: 1
A51: анакса | B51: Эрудиция | C51: 5 | D51: Ветер | E51: 0 | F51: =IF(AND(OR($E51=0,$E51=1,$E51=2),$C51=5),65,IF(AND($E51=3,$C51=5),62,IF(AND($E51=4,$C51=5),55,IF(AND($E51=5,$C51=5),35,IF($E51=6,0,IF(AND(OR($E51=0,$E51=1,$E51=2),$C51=4),50,IF(AND($E51=3,$C51=4),48,IF(AND($E51=4,$C51=4),43,IF(AND($E51=5,$C51=4),28,0))))))))) -> 65 | G51: Бокал пьяных времен | H51: Эхо | I51: Эскиз | J51: Дань вежливости | K51: 1 | L51: 1 | M51: 1 | N51: 1 | O51: нет | P51: нет | Q51: нет | R51: нет | S51: нет | T51: нет | U51: нет | V51: нет | W51: нет | X51: нет | Y51: нет | Z51: нет | AA51: нет | AB51: нет | AC51: нет
A52: арчер | B52: Охота | C52: 5 | D52: Квант | E52: 0 | F52: =IF(AND(OR($E52=0,$E52=1,$E52=2),$C52=5),65,IF(AND($E52=3,$C52=5),62,IF(AND($E52=4,$C52=5),55,IF(AND($E52=5,$C52=5),35,IF($E52=6,0,IF(AND(OR($E52=0,$E52=1,$E52=2),$C52=4),50,IF(AND($E52=3,$C52=4),48,IF(AND($E52=4,$C52=4),43,IF(AND($E52=5,$C52=4),28,0))))))))) -> 65 | G52: Тусклый лунный блеск | H52: Ядро | I52: Пуля | J52: Конец мерзлоты | K52: 1 | L52: 1 | M52: 1 | N52: 1 | O52: нет | P52: нет | Q52: нет | R52: нет | S52: нет | T52: нет | U52: нет | V52: нет | W52: нет | X52: нет | Y52: нет | Z52: нет | AA52: нет | AB52: нет | AC52: нет
A53: ахерон | B53: Небытие | C53: 5 | D53: Электро | E53: 0 | F53: =IF(AND(OR($E53=0,$E53=1,$E53=2),$C53=5),65,IF(AND($E53=3,$C53=5),62,IF(AND($E53=4,$C53=5),55,IF(AND($E53=5,$C53=5),35,IF($E53=6,0,IF(AND(OR($E53=0,$E53=1,$E53=2),$C53=4),50,IF(AND($E53=3,$C53=4),48,IF(AND($E53=4,$C53=4),43,IF(AND($E53=5,$C53=4),28,0))))))))) -> 65 | G53: Электрический посох оборотня | H53: Сны | I53: Эссенция | J53: Старые кошмары | K53: 1 | L53: 1 | M53: 1 | N53: 1 | O53: нет | P53: нет | Q53: нет | R53: нет | S53: нет | T53: нет | U53: нет | V53: нет | W53: нет | X53: нет | Y53: нет | Z53: нет | AA53: нет | AB53: нет | AC53: нет
A54: великая герта | B54: Эрудиция | C54: 5 | D54: Лёд | E54: 0 | F54: =IF(AND(OR($E54=0,$E54=1,$E54=2),$C54=5),65,IF(AND($E54=3,$C54=5),62,IF(AND($E54=4,$C54=5),55,IF(AND($E54=5,$C54=5),35,IF($E54=6,0,IF(AND(OR($E54=0,$E54=1,$E54=2),$C54=4),50,IF(AND($E54=3,$C54=4),48,IF(AND($E54=4,$C54=4),43,IF(AND($E54=5,$C54=4),28,0))))))))) -> 65 | G54: Холодильник грёз | H54: Ядро | I54: Эскиз | J54: Поле битвы | K54: 1 | L54: 1 | M54: 1 | N54: 1 | O54: нет | P54: нет | Q54: нет | R54: нет | S54: нет | T54: нет | U54: нет | V54: нет | W54: нет | X54: нет | Y54: нет | Z54: нет | AA54: нет | AB54: нет | AC54: нет
A55: волк | B55: Небытие | C55: 5 | D55: Квант | E55: 0 | F55: =IF(AND(OR($E55=0,$E55=1,$E55=2),$C55=5),65,IF(AND($E55=3,$C55=5),62,IF(AND($E55=4,$C55=5),55,IF(AND($E55=5,$C55=5),35,IF($E55=6,0,IF(AND(OR($E55=0,$E55=1,$E55=2),$C55=4),50,IF(AND($E55=3,$C55=4),48,IF(AND($E55=4,$C55=4),43,IF(AND($E55=5,$C55=4),28,0))))))))) -> 65 | G55: Чугун пустоты | H55: Двигатель | I55: Обсидиан | J55: Начало разрушения | K55: 1 | L55: 1 | M55: 1 | N55: 1 | O55: нет | P55: нет | Q55: нет | R55: нет | S55: нет | T55: нет | U55: нет | V55: нет | W55: нет | X55: нет | Y55: нет | Z55: нет | AA55: нет | AB55: нет | AC55: нет
A56: гиацина | B56: Память | C56: 5 | D56: Ветер | E56: 0 | F56: =IF(AND(OR($E56=0,$E56=1,$E56=2),$C56=5),65,IF(AND($E56=3,$C56=5),62,IF(AND($E56=4,$C56=5),55,IF(AND($E56=5,$C56=5),35,IF($E56=6,0,IF(AND(OR($E56=0,$E56=1,$E56=2),$C56=4),50,IF(AND($E56=3,$C56=4),48,IF(AND($E56=4,$C56=4),43,IF(AND($E56=5,$C56=4),28,0))))))))) -> 65 | G56: Бокал пьяных времен | H56: Плоть | I56: Бутон | J56: Дань вежливости | K56: 1 | L56: 1 | M56: 1 | N56: 1 | O56: нет | P56: нет | Q56: нет | R56: нет | S56: нет | T56: нет | U56: нет | V56: нет | W56: нет | X56: нет | Y56: нет | Z56: нет | AA56: нет | AB56: 1 | AC56: 1
A57: глесилена | B57: Небытие | C57: 5 | D57: Физ | E57: 0 | F57: =IF(AND(OR($E57=0,$E57=1,$E57=2),$C57=5),65,IF(AND($E57=3,$C57=5),62,IF(AND($E57=4,$C57=5),55,IF(AND($E57=5,$C57=5),35,IF($E57=6,0,IF(AND(OR($E57=0,$E57=1,$E57=2),$C57=4),50,IF(AND($E57=3,$C57=4),48,IF(AND($E57=4,$C57=4),43,IF(AND($E57=5,$C57=4),28,0))))))))) -> 65 | G57: Агрессивный сгусток | H57: Плоть | I57: Эссенция | J57: Взгляд на сумерки | K57: 1 | L57: 1 | M57: 1 | N57: 1 | O57: нет | P57: нет | Q57: нет | R57: нет | S57: нет | T57: нет | U57: нет | V57: нет | W57: нет | X57: нет | Y57: нет | Z57: нет | AA57: нет | AB57: нет | AC57: нет
A58: зеле | B58: Охота | C58: 5 | D58: Квант | E58: 0 | F58: =IF(AND(OR($E58=0,$E58=1,$E58=2),$C58=5),65,IF(AND($E58=3,$C58=5),62,IF(AND($E58=4,$C58=5),55,IF(AND($E58=5,$C58=5),35,IF($E58=6,0,IF(AND(OR($E58=0,$E58=1,$E58=2),$C58=4),50,IF(AND($E58=3,$C58=4),48,IF(AND($E58=4,$C58=4),43,IF(AND($E58=5,$C58=4),28,0))))))))) -> 65 | G58: Чугун пустоты | H58: Амбиции | I58: Копье | J58: Конец мерзлоты | K58: 1 | L58: 1 | M58: 1 | N58: 1 | O58: нет | P58: нет | Q58: нет | R58: нет | S58: нет | T58: нет | U58: нет | V58: нет | W58: нет | X58: нет | Y58: нет | Z58: нет | AA58: нет | AB58: нет | AC58: нет
A59: кафка | B59: Небытие | C59: 5 | D59: Электро | E59: 0 | F59: =IF(AND(OR($E59=0,$E59=1,$E59=2),$C59=5),65,IF(AND($E59=3,$C59=5),62,IF(AND($E59=4,$C59=5),55,IF(AND($E59=5,$C59=5),35,IF($E59=6,0,IF(AND(OR($E59=0,$E59=1,$E59=2),$C59=4),50,IF(AND($E59=3,$C59=4),48,IF(AND($E59=4,$C59=4),43,IF(AND($E59=5,$C59=4),28,0))))))))) -> 65 | G59: Электрический посох оборотня | H59: Амбиции | I59: Обсидиан | J59: Семя бессмертия | K59: 1 | L59: 1 | M59: 1 | N59: 1 | O59: нет | P59: нет | Q59: нет | R59: нет | S59: нет | T59: нет | U59: нет | V59: нет | W59: нет | X59: нет | Y59: нет | Z59: нет | AA59: нет | AB59: нет | AC59: нет
A60: керидра | B60: Гармония | C60: 5 | D60: Ветер | E60: 0 | F60: =IF(AND(OR($E60=0,$E60=1,$E60=2),$C60=5),65,IF(AND($E60=3,$C60=5),62,IF(AND($E60=4,$C60=5),55,IF(AND($E60=5,$C60=5),35,IF($E60=6,0,IF(AND(OR($E60=0,$E60=1,$E60=2),$C60=4),50,IF(AND($E60=3,$C60=4),48,IF(AND($E60=4,$C60=4),43,IF(AND($E60=5,$C60=4),28,0))))))))) -> 65 | G60: Сумеречный бутон | H60: Эхо | I60: Небеса | J60: Взгляд на сумерки | K60: 1 | L60: 1 | M60: 1 | N60: 1 | O60: нет | P60: нет | Q60: нет | R60: нет | S60: нет | T60: нет | U60: нет | V60: нет | W60: нет | X60: нет | Y60: нет | Z60: нет | AA60: нет | AB60: нет | AC60: нет
A61: лебедь | B61: Небытие | C61: 5 | D61: Ветер | E61: 0 | F61: =IF(AND(OR($E61=0,$E61=1,$E61=2),$C61=5),65,IF(AND($E61=3,$C61=5),62,IF(AND($E61=4,$C61=5),55,IF(AND($E61=5,$C61=5),35,IF($E61=6,0,IF(AND(OR($E61=0,$E61=1,$E61=2),$C61=4),50,IF(AND($E61=3,$C61=4),48,IF(AND($E61=4,$C61=4),43,IF(AND($E61=5,$C61=4),28,0))))))))) -> 65 | G61: Прах вознёсшейся | H61: Ядро | I61: Эссенция | J61: Старые кошмары | K61: 1 | L61: 1 | M61: 1 | N61: 1 | O61: нет | P61: нет | Q61: нет | R61: нет | S61: нет | T61: нет | U61: нет | V61: нет | W61: нет | X61: нет | Y61: нет | Z61: нет | AA61: нет | AB61: нет | AC61: нет
A62: линша | B62: Изобилие | C62: 5 | D62: Огонь | E62: 0 | F62: =IF(AND(OR($E62=0,$E62=1,$E62=2),$C62=5),65,IF(AND($E62=3,$C62=5),62,IF(AND($E62=4,$C62=5),55,IF(AND($E62=5,$C62=5),35,IF($E62=6,0,IF(AND(OR($E62=0,$E62=1,$E62=2),$C62=4),50,IF(AND($E62=3,$C62=4),48,IF(AND($E62=4,$C62=4),43,IF(AND($E62=5,$C62=4),28,0))))))))) -> 65 | G62: Пылающее сердце | H62: Бессмертие | I62: Плод | J62: Поле битвы | K62: 1 | L62: 1 | M62: 1 | N62: 1 | O62: нет | P62: нет | Q62: нет | R62: нет | S62: нет | T62: нет | U62: нет | V62: нет | W62: нет | X62: нет | Y62: нет | Z62: нет | AA62: нет | AB62: нет | AC62: нет
A63: лоча | B63: Изобилие | C63: 5 | D63: Мнимый | E63: 0 | F63: =IF(AND(OR($E63=0,$E63=1,$E63=2),$C63=5),65,IF(AND($E63=3,$C63=5),62,IF(AND($E63=4,$C63=5),55,IF(AND($E63=5,$C63=5),35,IF($E63=6,0,IF(AND(OR($E63=0,$E63=1,$E63=2),$C63=4),50,IF(AND($E63=3,$C63=4),48,IF(AND($E63=4,$C63=4),43,IF(AND($E63=5,$C63=4),28,0))))))))) -> 65 | G63: Золотая корона тени прошлого | H63: Хаос | I63: Росток | J63: Конец мерзлоты | K63: 1 | L63: 1 | M63: 1 | N63: 1 | O63: нет | P63: нет | Q63: нет | R63: нет | S63: нет | T63: нет | U63: нет | V63: нет | W63: нет | X63: нет | Y63: нет | Z63: нет | AA63: нет | AB63: нет | AC63: нет
A64: Раппа | B64: Эрудиция | C64: 5 | D64: Мнимый | E64: 0 | F64: =IF(AND(OR($E64=0,$E64=1,$E64=2),$C64=5),65,IF(AND($E64=3,$C64=5),62,IF(AND($E64=4,$C64=5),55,IF(AND($E64=5,$C64=5),35,IF($E64=6,0,IF(AND(OR($E64=0,$E64=1,$E64=2),$C64=4),50,IF(AND($E64=3,$C64=4),48,IF(AND($E64=4,$C64=4),43,IF(AND($E64=5,$C64=4),28,0))))))))) -> 65 | G64: Аккордный мираж | H64: Сны | I64: Эскиз | J64: Дань вежливости | K64: 1 | L64: 1 | M64: 1 | N64: 1 | O64: нет | P64: нет | Q64: нет | R64: нет | S64: нет | T64: нет | U64: нет | V64: нет | W64: нет | X64: нет | Y64: нет | Z64: нет | AA64: нет | AB64: нет | AC64: нет
A65: сэйбер | B65: Разрушение | C65: 5 | D65: Ветер | E65: 0 | F65: =IF(AND(OR($E65=0,$E65=1,$E65=2),$C65=5),65,IF(AND($E65=3,$C65=5),62,IF(AND($E65=4,$C65=5),55,IF(AND($E65=5,$C65=5),35,IF($E65=6,0,IF(AND(OR($E65=0,$E65=1,$E65=2),$C65=4),50,IF(AND($E65=3,$C65=4),48,IF(AND($E65=4,$C65=4),43,IF(AND($E65=5,$C65=4),28,0))))))))) -> 65 | G65: Бокал пьяных времен | H65: Амбиции | I65: Клыки | J65: Начало разрушения | K65: 1 | L65: 1 | M65: 1 | N65: 1 | O65: нет | P65: нет | Q65: нет | R65: нет | S65: нет | T65: нет | U65: нет | V65: нет | W65: нет | X65: нет | Y65: нет | Z65: нет | AA65: нет | AB65: нет | AC65: нет
A66: топаз | B66: Охота | C66: 5 | D66: Огонь | E66: 0 | F66: =IF(AND(OR($E66=0,$E66=1,$E66=2),$C66=5),65,IF(AND($E66=3,$C66=5),62,IF(AND($E66=4,$C66=5),55,IF(AND($E66=5,$C66=5),35,IF($E66=6,0,IF(AND(OR($E66=0,$E66=1,$E66=2),$C66=4),50,IF(AND($E66=3,$C66=4),48,IF(AND($E66=4,$C66=4),43,IF(AND($E66=5,$C66=4),28,0))))))))) -> 65 | G66: Раскалённое лезвие | H66: Стражи | I66: Копье | J66: Семя бессмертия | K66: 1 | L66: 1 | M66: 1 | N66: 1 | O66: нет | P66: нет | Q66: нет | R66: нет | S66: нет | T66: нет | U66: нет | V66: нет | W66: нет | X66: нет | Y66: нет | Z66: нет | AA66: нет | AB66: нет | AC66: нет
A67: трибби | B67: Гармония | C67: 5 | D67: Квант | E67: 0 | F67: =IF(AND(OR($E67=0,$E67=1,$E67=2),$C67=5),65,IF(AND($E67=3,$C67=5),62,IF(AND($E67=4,$C67=5),55,IF(AND($E67=5,$C67=5),35,IF($E67=6,0,IF(AND(OR($E67=0,$E67=1,$E67=2),$C67=4),50,IF(AND($E67=3,$C67=4),48,IF(AND($E67=4,$C67=4),43,IF(AND($E67=5,$C67=4),28,0))))))))) -> 65 | G67: Тусклый лунный блеск | H67: Плоть | I67: Небеса | J67: Дань вежливости | K67: 1 | L67: 1 | M67: 1 | N67: 1 | O67: нет | P67: нет | Q67: нет | R67: нет | S67: нет | T67: нет | U67: нет | V67: нет | W67: нет | X67: нет | Y67: нет | Z67: нет | AA67: нет | AB67: нет | AC67: нет
A68: фейсяо | B68: Охота | C68: 5 | D68: Ветер | E68: 0 | F68: =IF(AND(OR($E68=0,$E68=1,$E68=2),$C68=5),65,IF(AND($E68=3,$C68=5),62,IF(AND($E68=4,$C68=5),55,IF(AND($E68=5,$C68=5),35,IF($E68=6,0,IF(AND(OR($E68=0,$E68=1,$E68=2),$C68=4),50,IF(AND($E68=3,$C68=4),48,IF(AND($E68=4,$C68=4),43,IF(AND($E68=5,$C68=4),28,0))))))))) -> 65 | G68: Бокал пьяных времен | H68: Хаос | I68: Пуля | J68: Семя бессмертия | K68: 1 | L68: 1 | M68: 1 | N68: 1 | O68: нет | P68: нет | Q68: нет | R68: нет | S68: нет | T68: нет | U68: нет | V68: нет | W68: нет | X68: нет | Y68: нет | Z68: нет | AA68: нет | AB68: нет | AC68: нет
... A77: яшма | B77: Эрудиция | C77: 5 | D77: Квант | E77: 0 | F77: =IF(AND(OR($E77=0,$E77=1,$E77=2),$C77=5),65,IF(AND($E77=3,$C77=5),62,IF(AND($E77=4,$C77=5),55,IF(AND($E77=5,$C77=5),35,IF($E77=6,0,IF(AND(OR($E77=0,$E77=1,$E77=2),$C77=4),50,IF(AND($E77=3,$C77=4),48,IF(AND($E77=4,$C77=4),43,IF(AND($E77=5,$C77=4),28,0))))))))) -> 65 | G77: Огнемёт грёз | H77: Сны | I77: Эскиз | J77: Дань вежливости | K77: 1 | L77: 1 | M77: 1 | N77: 1 | O77: нет | P77: нет | Q77: нет | R77: нет | S77: нет | T77: нет | U77: нет | V77: нет | W77: нет | X77: нет | Y77: нет | Z77: нет | AA77: нет | AB77: нет | AC77: нет

Sheet Хср боссы
E1: р
A2: Агрессивный сгусток | B2: 0 | C2: =SUMIF('Хср персы'!G:G,A2,'Хср персы'!F:F) -> 65 | D2: =C2-B2 -> 65 | E2: =IF(MOD(D2,5)=0,D2/5,INT(D2/5)+1) -> 13 | F2: =E2*30 -> 390 | G2: =F$2 -> 390 | H2: =E2*5-D2 -> 0
A3: Предвестник раздора | B3: 0 | C3: =SUMIF('Хср персы'!G:G,A3,'Хср персы'!F:F) -> 0 | D3: =C3-B3 -> 0 | E3: =IF(MOD(D3,5)=0,D3/5,INT(D3/5)+1) -> 0 | F3: =E3*30 -> 0 | G3: =SUM($F$2:F3) -> 390 | H3: =E3*5-D3 -> 0
A4: Сумеречный бутон | B4: 0 | C4: =SUMIF('Хср персы'!G:G,A4,'Хср персы'!F:F) -> 65 | D4: =C4-B4 -> 65 | E4: =IF(MOD(D4,5)=0,D4/5,INT(D4/5)+1) -> 13 | F4: =E4*30 -> 390 | G4: =SUM($F$2:F4) -> 780 | H4: =E4*5-D4 -> 0
A5: Тусклый лунный блеск | B5: 65 | C5: =SUMIF('Хср персы'!G:G,A5,'Хср персы'!F:F) -> 195 | D5: =C5-B5 -> 130 | E5: =IF(MOD(D5,5)=0,D5/5,INT(D5/5)+1) -> 26 | F5: =E5*30 -> 780 | G5: =SUM($F$2:F5) -> 1560 | H5: =E5*5-D5 -> 0
A6: Аккордный мираж | B6: =C6 -> 65 | C6: =SUMIF('Хср персы'!G:G,A6,'Хср персы'!F:F) -> 65 | D6: =C6-B6 -> 0 | E6: =IF(MOD(D6,5)=0,D6/5,INT(D6/5)+1) -> 0 | F6: =E6*30 -> 0 | G6: =SUM($F$2:F6) -> 1560 | H6: =E6*5-D6 -> 0
A7: Бокал пьяных времен | B7: =C7 -> 260 | C7: =SUMIF('Хср персы'!G:G,A7,'Хср персы'!F:F) -> 260 | D7: =C7-B7 -> 0 | E7: =IF(MOD(D7,5)=0,D7/5,INT(D7/5)+1) -> 0 | F7: =E7*30 -> 0 | G7: =SUM($F$2:F7) -> 1560 | H7: =E7*5-D7 -> 0
A8: Гвоздь звериного гроба | B8: =C8 -> 65 | C8: =SUMIF('Хср персы'!G:G,A8,'Хср персы'!F:F) -> 65 | D8: =C8-B8 -> 0 | E8: =IF(MOD(D8,5)=0,D8/5,INT(D8/5)+1) -> 0 | F8: =E8*30 -> 0 | G8: =SUM($F$2:F8) -> 1560 | H8: =E8*5-D8 -> 0
A9: Гелидный хитин | B9: 3 | C9: =SUMIF('Хср персы'!G:G,A9,'Хср персы'!F:F) -> 192 | D9: =C9-B9 -> 189 | E9: =IF(MOD(D9,5)=0,D9/5,INT(D9/5)+1) -> 38 | F9: =E9*30 -> 1140 | G9: =SUM($F$2:F9) -> 2700 | H9: =E9*5-D9 -> 1
A10: Глаз бури | B10: =C10 -> 28 | C10: =SUMIF('Хср персы'!G:G,A10,'Хср персы'!F:F) -> 28 | D10: =C10-B10 -> 0 | E10: =IF(MOD(D10,5)=0,D10/5,INT(D10/5)+1) -> 0 | F10: =E10*30 -> 0 | G10: =SUM($F$2:F10) -> 2700 | H10: =E10*5-D10 -> 0
A11: Золотая корона тени прошлого | B11: =C11 -> 155 | C11: =SUMIF('Хср персы'!G:G,A11,'Хср персы'!F:F) -> 155 | D11: =C11-B11 -> 0 | E11: =IF(MOD(D11,5)=0,D11/5,INT(D11/5)+1) -> 0 | F11: =E11*30 -> 0 | G11: =SUM($F$2:F11) -> 2700 | H11: =E11*5-D11 -> 0
A12: Обезьяний шип | B12: 0 | C12: =SUMIF('Хср персы'!G:G,A12,'Хср персы'!F:F) -> 161 | D12: =C12-B12 -> 161 | E12: =IF(MOD(D12,5)=0,D12/5,INT(D12/5)+1) -> 33 | F12: =E12*30 -> 990 | G12: =SUM($F$2:F12) -> 3690 | H12: =E12*5-D12 -> 4
A13: Огнемёт грёз | B13: =C13 -> 65 | C13: =SUMIF('Хср персы'!G:G,A13,'Хср персы'!F:F) -> 65 | D13: =C13-B13 -> 0 | E13: =IF(MOD(D13,5)=0,D13/5,INT(D13/5)+1) -> 0 | F13: =E13*30 -> 0 | G13: =SUM($F$2:F13) -> 3690 | H13: =E13*5-D13 -> 0
A14: Прах вознёсшейся | B14: 0 | C14: =SUMIF('Хср персы'!G:G,A14,'Хср персы'!F:F) -> 195 | D14: =C14-B14 -> 195 | E14: =IF(MOD(D14,5)=0,D14/5,INT(D14/5)+1) -> 39 | F14: =E14*30 -> 1170 | G14: =SUM($F$2:F14) -> 4860 | H14: =E14*5-D14 -> 0
A15: Прах вознёсшейся | B15: 0 | C15: =SUMIF('Хср персы'!G:G,A15,'Хср персы'!F:F) -> 195 | D15: =C15-B15 -> 195 | E15: =IF(MOD(D15,5)=0,D15/5,INT(D15/5)+1) -> 39 | F15: =E15*30 -> 1170 | G15: =SUM($F$2:F15) -> 6030 | H15: =E15*5-D15 -> 0
A16: Призрачный пропуск | B16: =C16 -> 55 | C16: =SUMIF('Хср персы'!G:G,A16,'Хср персы'!F:F) -> 55 | D16: =C16-B16 -> 0 | E16: =IF(MOD(D16,5)=0,D16/5,INT(D16/5)+1) -> 0 | F16: =E16*30 -> 0 | G16: =SUM($F$2:F16) -> 6030 | H16: =E16*5-D16 -> 0
A17: Пылающее сердце | B17: =C17 -> 130 | C17: =SUMIF('Хср персы'!G:G,A17,'Хср персы'!F:F) -> 130 | D17: =C17-B17 -> 0 | E17: =IF(MOD(D17,5)=0,D17/5,INT(D17/5)+1) -> 0 | F17: =E17*30 -> 0 | G17: =SUM($F$2:F17) -> 6030 | H17: =E17*5-D17 -> 0
A18: Разрешение на работу КММ | B18: =C18 -> 65 | C18: =SUMIF('Хср персы'!G:G,A18,'Хср персы'!F:F) -> 65 | D18: =C18-B18 -> 0 | E18: =IF(MOD(D18,5)=0,D18/5,INT(D18/5)+1) -> 0 | F18: =E18*30 -> 0 | G18: =SUM($F$2:F18) -> 6030 | H18: =E18*5-D18 -> 0
A19: Раскалённое лезвие | B19: 0 | C19: =SUMIF('Хср персы'!G:G,A19,'Хср персы'!F:F) -> 178 | D19: =C19-B19 -> 178 | E19: =IF(MOD(D19,5)=0,D19/5,INT(D19/5)+1) -> 36 | F19: =E19*30 -> 1080 | G19: =SUM($F$2:F19) -> 7110 | H19: =E19*5-D19 -> 2
A20: Сломанные зубы железного волка | B20: =C20 -> 139 | C20: =SUMIF('Хср персы'!G:G,A20,'Хср персы'!F:F) -> 139 | D20: =C20-B20 -> 0 | E20: =IF(MOD(D20,5)=0,D20/5,INT(D20/5)+1) -> 0 | F20: =E20*30 -> 0 | G20: =SUM($F$2:F20) -> 7110 | H20: =E20*5-D20 -> 0
A21: Снежный рог | B21: =C21 -> 0 | C21: =SUMIF('Хср персы'!G:G,A21,'Хср персы'!F:F) -> 0 | D21: =C21-B21 -> 0 | E21: =IF(MOD(D21,5)=0,D21/5,INT(D21/5)+1) -> 0 | F21: =E21*30 -> 0 | G21: =SUM($F$2:F21) -> 7110 | H21: =E21*5-D21 -> 0
A22: Усмиряющий талисман | B22: =C22 -> 62 | C22: =SUMIF('Хср персы'!G:G,A22,'Хср персы'!F:F) -> 62 | D22: =C22-B22 -> 0 | E22: =IF(MOD(D22,5)=0,D22/5,INT(D22/5)+1) -> 0 | F22: =E22*30 -> 0 | G22: =SUM($F$2:F22) -> 7110 | H22: =E22*5-D22 -> 0
A23: Холодильник грёз | B23: 0 | C23: =SUMIF('Хср персы'!G:G,A23,'Хср персы'!F:F) -> 65 | D23: =C23-B23 -> 65 | E23: =IF(MOD(D23,5)=0,D23/5,INT(D23/5)+1) -> 13 | F23: =E23*30 -> 390 | G23: =SUM($F$2:F23) -> 7500 | H23: =E23*5-D23 -> 0 | I23: =SUM(F:F) -> 9660 | J23: =ROUNDUP(I23/240,0) -> 41 | K23: =I23/30 -> 322
A24: Чугун пустоты | B24: =C24 -> 130 | C24: =SUMIF('Хср персы'!G:G,A24,'Хср персы'!F:F) -> 130 | D24: =C24-B24 -> 0 | E24: =IF(MOD(D24,5)=0,D24/5,INT(D24/5)+1) -> 0 | F24: =E24*30 -> 0 | G24: =SUM($F$2:F24) -> 7500 | H24: =E24*5-D24 -> 0
A25: Электрическая корона тени прошлого | B25: =C25 -> 76 | C25: =SUMIF('Хср персы'!G:G,A25,'Хср персы'!F:F) -> 76 | D25: =C25-B25 -> 0 | E25: =IF(MOD(D25,5)=0,D25/5,INT(D25/5)+1) -> 0 | F25: =E25*30 -> 0 | G25: =SUM($F$2:F25) -> 7500 | H25: =E25*5-D25 -> 0
A26: Электрический посох оборотня | B26: 0 | C26: =SUMIF('Хср персы'!G:G,A26,'Хср персы'!F:F) -> 195 | D26: =C26-B26 -> 195 | E26: =IF(MOD(D26,5)=0,D26/5,INT(D26/5)+1) -> 39 | F26: =E26*30 -> 1170 | G26: =SUM($F$2:F26) -> 8670 | H26: =E26*5-D26 -> 0
A27: Эндотермический хитин | B27: 0 | C27: =SUMIF('Хср персы'!G:G,A27,'Хср персы'!F:F) -> 161 | D27: =C27-B27 -> 161 | E27: =IF(MOD(D27,5)=0,D27/5,INT(D27/5)+1) -> 33 | F27: =E27*30 -> 990 | G27: =SUM($F$2:F27) -> 9660 | H27: =E27*5-D27 -> 4
G28: =SUM($F$2:F27) -> 9660 | H28: =E28*5-D28 -> 0 | I28: =SUM(E:E) -> 322

Sheet боссы следов
A2: Взгляд на сумерки | B2: =SUMIF('Хср персы'!J:J,A2,'Хср персы'!F:F) -> 195
A3: Дань вежливости | B3: =SUMIF('Хср персы'!J:J,A3,'Хср персы'!F:F) -> 325
A4: Конец мерзлоты | B4: =SUMIF('Хср персы'!J:J,A4,'Хср персы'!F:F) -> 447
A5: Начало разрушения | B5: =SUMIF('Хср персы'!J:J,A5,'Хср персы'!F:F) -> 474
A6: Поле битвы | B6: =SUMIF('Хср персы'!J:J,A6,'Хср персы'!F:F) -> 195
A7: Семя бессмертия | B7: =SUMIF('Хср персы'!J:J,A7,'Хср персы'!F:F) -> 891
A8: Старые кошмары | B8: =SUMIF('Хср персы'!J:J,A8,'Хср персы'!F:F) -> 240

Sheet ch материалы

Sheet геншин персы
A1: имя | B1: редкость | C1: регион | D1: стихия | E1: возвышение | F1: талант 1 | G1: талант 2 | H1: талант 3 | I1: кристал 5* | J1: кристал 4* | K1: кристал 3* | L1: кристал 2* | M1: количество | N1: материал босса | O1: 3* | P1: 2* | Q1: 1* | R1: материал прокачки | S1: количество | T1: материал еженедельного босса | U1: короны | V1: 4* | W1: 3* | X1: 2* | Y1: книга талантов | Z1: количество | AA1: диковинка | AB1: кки
A2: Аяка | B2: 5 | C2: Инадзума | D2: Крио | E2: 0 | F2: 0 | G2: 0 | H2: 0 | I2: =IF(E2=6,0,6) -> 6 | J2: =IF(E2=0,9,IF(E2=1,9,IF(E2=2,9,IF(E2=3,9,IF(E2=4,6,0))))) -> 9 | K2: =IF(E2=0,9,IF(E2=1,9,IF(E2=2,6,0))) -> 9 | L2: =IF(E2=0,1,0) -> 1 | M2: =IF(E2=0,46,IF(E2=1,46,IF(E2=2,44,IF(E2=3,40,IF(E2=4,32,IF(E2=5,20,0)))))) -> 46 | N2: Сердце бесконечного механизма | O2: =IF(E2=0,36,IF(E2=1,36,IF(E2=2,36,IF(E2=3,36,IF(E2=4,36,IF(E2=5,24,0))))))+IF(F2=0,31,IF(F2=1,31,IF(F2=2,31,IF(F2=3,31,IF(F2=4,31,IF(F2=5,31,IF(F2=6,31,IF(F2=7,27,IF(F2=8,21,IF(F2=9,12,0))))))))))+IF(G2=0,31,IF(G2=1,31,IF(G2=2,31,IF(G2=3,31,IF(G2=4,31,IF(G2=5,31,IF(G2=6,31,IF(G2=7,27,IF(G2=8,21,IF(G2=9,12,0))))))))))+IF(H2=0,31,IF(H2=1,31,IF(H2=2,31,IF(H2=3,31,IF(H2=4,31,IF(H2=5,31,IF(H2=6,31,IF(H2=7,27,IF(H2=8,21,IF(H2=9,12,0)))))))))) -> 129 | P2: =IF(E2=0,30,IF(E2=1,30,IF(E2=2,30,IF(E2=3,18,0))))+IF(F2=0,22,IF(F2=1,22,IF(F2=2,22,IF(F2=3,19,IF(F2=4,15,IF(F2=5,9,0))))))+IF(G2=0,31,IF(G2=1,31,IF(G2=2,31,IF(G2=3,31,IF(G2=4,31,IF(G2=5,31,0))))))+IF(H2=0,22,IF(H2=1,22,IF(H2=2,22,IF(H2=3,19,IF(H2=4,15,IF(H2=5,9,0)))))) -> 105 | Q2: =IF(E2=0,18,IF(E2=1,15,0))+IF(F2=0,6,IF(F2=1,6,0))+IF(G2=0,6,IF(G2=1,6,0))+IF(H2=0,6,IF(H2=1,6,0)) -> 36 | R2: Гарда кагэути | S2: =IF(F2=0,6,IF(F2=1,6,IF(F2=2,6,IF(F2=3,6,IF(F2=4,6,IF(F2=5,6,IF(F2=6,6,IF(F2=7,5,IF(F2=8,4,IF(F2=9,2,0))))))))))+IF(G2=0,6,IF(G2=1,6,IF(G2=2,6,IF(G2=3,6,IF(G2=4,6,IF(G2=5,6,IF(G2=6,6,IF(G2=7,5,IF(G2=8,4,IF(G2=9,2,0))))))))))+IF(H2=0,6,IF(H2=1,6,IF(H2=2,6,IF(H2=3,6,IF(H2=4,6,IF(H2=5,6,IF(H2=6,6,IF(H2=7,5,IF(H2=8,4,IF(H2=9,2,0)))))))))) -> 18 | T2: Ветвь кровавой яшмы | U2: =IF(F2=10,0,1)+IF(G2=10,0,1)+IF(H2=10,0,1) -> 3 | V2: =IF(F2=0,38,IF(F2=1,38,IF(F2=2,38,IF(F2=3,38,IF(F2=4,38,IF(F2=5,38,IF(F2=6,38,IF(F2=7,34,IF(F2=8,28,IF(F2=9,16,0))))))))))+IF(G2=0,38,IF(G2=1,38,IF(G2=2,38,IF(G2=3,38,IF(G2=4,38,IF(G2=5,38,IF(G2=6,38,IF(G2=7,34,IF(G2=8,28,IF(G2=9,16,0))))))))))+IF(H2=0,38,IF(H2=1,38,IF(H2=2,38,IF(H2=3,38,IF(H2=4,38,IF(H2=5,38,IF(H2=6,38,IF(H2=7,34,IF(H2=8,28,IF(H2=9,16,0)))))))))) -> 114 | W2: =IF(F2=0,21,IF(F2=1,21,IF(F2=2,21,IF(F2=3,19,IF(F2=4,15,IF(F2=5,9,0))))))+IF(G2=0,21,IF(G2=1,21,IF(G2=2,21,IF(G2=3,19,IF(G2=4,15,IF(G2=5,21,0))))))+IF(H2=0,21,IF(H2=1,21,IF(H2=2,21,IF(H2=3,19,IF(H2=4,15,IF(H2=5,9,0)))))) -> 63 | X2: =IF(F2=0,3,IF(F2=1,3,0))+IF(G2=0,3,IF(G2=1,3,0))+IF(H2=0,3,IF(H2=1,3,0)) -> 9 | Y2: Изящество | Z2: =IF(E2=0,168,IF(E2=1,165,IF(E2=2,155,IF(E2=3,135,IF(E2=4,105,IF(E2=5,60,0)))))) -> 168 | AA2: Сакура | AB2: 1
A3: Аято | B3: 5 | C3: Инадзума | D3: Гидро | E3: 6 | F3: 8 | G3: 10 | H3: 9 | I3: =IF(E3=6,0,6) -> 0 | J3: =IF(E3=0,9,IF(E3=1,9,IF(E3=2,9,IF(E3=3,9,IF(E3=4,6,0))))) -> 0 | K3: =IF(E3=0,9,IF(E3=1,9,IF(E3=2,6,0))) -> 0 | L3: =IF(E3=0,1,0) -> 0 | M3: =IF(E3=0,46,IF(E3=1,46,IF(E3=2,44,IF(E3=3,40,IF(E3=4,32,IF(E3=5,20,0)))))) -> 0 | N3: Роса отречения | O3: =IF(E3=0,36,IF(E3=1,36,IF(E3=2,36,IF(E3=3,36,IF(E3=4,36,IF(E3=5,24,0))))))+IF(F3=0,31,IF(F3=1,31,IF(F3=2,31,IF(F3=3,31,IF(F3=4,31,IF(F3=5,31,IF(F3=6,31,IF(F3=7,27,IF(F3=8,21,IF(F3=9,12,0))))))))))+IF(G3=0,31,IF(G3=1,31,IF(G3=2,31,IF(G3=3,31,IF(G3=4,31,IF(G3=5,31,IF(G3=6,31,IF(G3=7,27,IF(G3=8,21,IF(G3=9,12,0))))))))))+IF(H3=0,31,IF(H3=1,31,IF(H3=2,31,IF(H3=3,31,IF(H3=4,31,IF(H3=5,31,IF(H3=6,31,IF(H3=7,27,IF(H3=8,21,IF(H3=9,12,0)))))))))) -> 33 | P3: =IF(E3=0,30,IF(E3=1,30,IF(E3=2,30,IF(E3=3,18,0))))+IF(F3=0,22,IF(F3=1,22,IF(F3=2,22,IF(F3=3,19,IF(F3=4,15,IF(F3=5,9,0))))))+IF(G3=0,31,IF(G3=1,31,IF(G3=2,31,IF(G3=3,31,IF(G3=4,31,IF(G3=5,31,0))))))+IF(H3=0,22,IF(H3=1,22,IF(H3=2,22,IF(H3=3,19,IF(H3=4,15,IF(H3=5,9,0)))))) -> 0 | Q3: =IF(E3=0,18,IF(E3=1,15,0))+IF(F3=0,6,IF(F3=1,6,0))+IF(G3=0,6,IF(G3=1,6,0))+IF(H3=0,6,IF(H3=1,6,0)) -> 0 | R3: Гарда кагэути | S3: =IF(F3=0,6,IF(F3=1,6,IF(F3=2,6,IF(F3=3,6,IF(F3=4,6,IF(F3=5,6,IF(F3=6,6,IF(F3=7,5,IF(F3=8,4,IF(F3=9,2,0))))))))))+IF(G3=0,6,IF(G3=1,6,IF(G3=2,6,IF(G3=3,6,IF(G3=4,6,IF(G3=5,6,IF(G3=6,6,IF(G3=7,5,IF(G3=8,4,IF(G3=9,2,0))))))))))+IF(H3=0,6,IF(H3=1,6,IF(H3=2,6,IF(H3=3,6,IF(H3=4,6,IF(H3=5,6,IF(H3=6,6,IF(H3=7,5,IF(H3=8,4,IF(H3=9,2,0)))))))))) -> 6 | T3: Мудра зловещего генерала | U3: =IF(F3=10,0,1)+IF(G3=10,0,1)+IF(H3=10,0,1) -> 2 | V3: =IF(F3=0,38,IF(F3=1,38,IF(F3=2,38,IF(F3=3,38,IF(F3=4,38,IF(F3=5,38,IF(F3=6,38,IF(F3=7,34,IF(F3=8,28,IF(F3=9,16,0))))))))))+IF(G3=0,38,IF(G3=1,38,IF(G3=2,38,IF(G3=3,38,IF(G3=4,38,IF(G3=5,38,IF(G3=6,38,IF(G3=7,34,IF(G3=8,28,IF(G3=9,16,0))))))))))+IF(H3=0,38,IF(H3=1,38,IF(H3=2,38,IF(H3=3,38,IF(H3=4,38,IF(H3=5,38,IF(H3=6,38,IF(H3=7,34,IF(H3=8,28,IF(H3=9,16,0)))))))))) -> 44 | W3: =IF(F3=0,21,IF(F3=1,21,IF(F3=2,21,IF(F3=3,19,IF(F3=4,15,IF(F3=5,9,0))))))+IF(G3=0,21,IF(G3=1,21,IF(G3=2,21,IF(G3=3,19,IF(G3=4,15,IF(G3=5,21,0))))))+IF(H3=0,21,IF(H3=1,21,IF(H3=2,21,IF(H3=3,19,IF(H3=4,15,IF(H3=5,9,0)))))) -> 0 | X3: =IF(F3=0,3,IF(F3=1,3,0))+IF(G3=0,3,IF(G3=1,3,0))+IF(H3=0,3,IF(H3=1,3,0)) -> 0 | Y3: Изящество | Z3: =IF(E3=0,168,IF(E3=1,165,IF(E3=2,155,IF(E3=3,135,IF(E3=4,105,IF(E3=5,60,0)))))) -> 0 | AA3: Сакура | AB3: 1
A4: Еимия | B4: 5 | C4: Инадзума | D4: Пиро | E4: 5 | F4: 8 | G4: 8 | H4: 1 | I4: =IF(E4=6,0,6) -> 6 | J4: =IF(E4=0,9,IF(E4=1,9,IF(E4=2,9,IF(E4=3,9,IF(E4=4,6,0))))) -> 0 | K4: =IF(E4=0,9,IF(E4=1,9,IF(E4=2,6,0))) -> 0 | L4: =IF(E4=0,1,0) -> 0 | M4: =IF(E4=0,46,IF(E4=1,46,IF(E4=2,44,IF(E4=3,40,IF(E4=4,32,IF(E4=5,20,0)))))) -> 20 | N4: Тлеющая жемчужина | O4: =IF(E4=0,36,IF(E4=1,36,IF(E4=2,36,IF(E4=3,36,IF(E4=4,36,IF(E4=5,24,0))))))+IF(F4=0,31,IF(F4=1,31,IF(F4=2,31,IF(F4=3,31,IF(F4=4,31,IF(F4=5,31,IF(F4=6,31,IF(F4=7,27,IF(F4=8,21,IF(F4=9,12,0))))))))))+IF(G4=0,31,IF(G4=1,31,IF(G4=2,31,IF(G4=3,31,IF(G4=4,31,IF(G4=5,31,IF(G4=6,31,IF(G4=7,27,IF(G4=8,21,IF(G4=9,12,0))))))))))+IF(H4=0,31,IF(H4=1,31,IF(H4=2,31,IF(H4=3,31,IF(H4=4,31,IF(H4=5,31,IF(H4=6,31,IF(H4=7,27,IF(H4=8,21,IF(H4=9,12,0)))))))))) -> 97 | P4: =IF(E4=0,30,IF(E4=1,30,IF(E4=2,30,IF(E4=3,18,0))))+IF(F4=0,22,IF(F4=1,22,IF(F4=2,22,IF(F4=3,19,IF(F4=4,15,IF(F4=5,9,0))))))+IF(G4=0,31,IF(G4=1,31,IF(G4=2,31,IF(G4=3,31,IF(G4=4,31,IF(G4=5,31,0))))))+IF(H4=0,22,IF(H4=1,22,IF(H4=2,22,IF(H4=3,19,IF(H4=4,15,IF(H4=5,9,0)))))) -> 22 | Q4: =IF(E4=0,18,IF(E4=1,15,0))+IF(F4=0,6,IF(F4=1,6,0))+IF(G4=0,6,IF(G4=1,6,0))+IF(H4=0,6,IF(H4=1,6,0)) -> 6 | R4: Свиток божественной магии | S4: =IF(F4=0,6,IF(F4=1,6,IF(F4=2,6,IF(F4=3,6,IF(F4=4,6,IF(F4=5,6,IF(F4=6,6,IF(F4=7,5,IF(F4=8,4,IF(F4=9,2,0))))))))))+IF(G4=0,6,IF(G4=1,6,IF(G4=2,6,IF(G4=3,6,IF(G4=4,6,IF(G4=5,6,IF(G4=6,6,IF(G4=7,5,IF(G4=8,4,IF(G4=9,2,0))))))))))+IF(H4=0,6,IF(H4=1,6,IF(H4=2,6,IF(H4=3,6,IF(H4=4,6,IF(H4=5,6,IF(H4=6,6,IF(H4=7,5,IF(H4=8,4,IF(H4=9,2,0)))))))))) -> 14 | T4: Корона лорда драконов | U4: =IF(F4=10,0,1)+IF(G4=10,0,1)+IF(H4=10,0,1) -> 3 | V4: =IF(F4=0,38,IF(F4=1,38,IF(F4=2,38,IF(F4=3,38,IF(F4=4,38,IF(F4=5,38,IF(F4=6,38,IF(F4=7,34,IF(F4=8,28,IF(F4=9,16,0))))))))))+IF(G4=0,38,IF(G4=1,38,IF(G4=2,38,IF(G4=3,38,IF(G4=4,38,IF(G4=5,38,IF(G4=6,38,IF(G4=7,34,IF(G4=8,28,IF(G4=9,16,0))))))))))+IF(H4=0,38,IF(H4=1,38,IF(H4=2,38,IF(H4=3,38,IF(H4=4,38,IF(H4=5,38,IF(H4=6,38,IF(H4=7,34,IF(H4=8,28,IF(H4=9,16,0)))))))))) -> 94 | W4: =IF(F4=0,21,IF(F4=1,21,IF(F4=2,21,IF(F4=3,19,IF(F4=4,15,IF(F4=5,9,0))))))+IF(G4=0,21,IF(G4=1,21,IF(G4=2,21,IF(G4=3,19,IF(G4=4,15,IF(G4=5,21,0))))))+IF(H4=0,21,IF(H4=1,21,IF(H4=2,21,IF(H4=3,19,IF(H4=4,15,IF(H4=5,9,0)))))) -> 21 | X4: =IF(F4=0,3,IF(F4=1,3,0))+IF(G4=0,3,IF(G4=1,3,0))+IF(H4=0,3,IF(H4=1,3,0)) -> 3 | Y4: Бренность | Z4: =IF(E4=0,168,IF(E4=1,165,IF(E4=2,155,IF(E4=3,135,IF(E4=4,105,IF(E4=5,60,0)))))) -> 60 | AA4: Трава наку | AB4: 1
A5: Итто | B5: 5 | C5: Инадзума | D5: Гео | E5: 0 | F5: 0 | G5: 0 | H5: 0 | I5: =IF(E5=6,0,6) -> 6 | J5: =IF(E5=0,9,IF(E5=1,9,IF(E5=2,9,IF(E5=3,9,IF(E5=4,6,0))))) -> 9 | K5: =IF(E5=0,9,IF(E5=1,9,IF(E5=2,6,0))) -> 9 | L5: =IF(E5=0,1,0) -> 1 | M5: =IF(E5=0,46,IF(E5=1,46,IF(E5=2,44,IF(E5=3,40,IF(E5=4,32,IF(E5=5,20,0)))))) -> 46 | N5: Эмблема Разрыва | O5: =IF(E5=0,36,IF(E5=1,36,IF(E5=2,36,IF(E5=3,36,IF(E5=4,36,IF(E5=5,24,0))))))+IF(F5=0,31,IF(F5=1,31,IF(F5=2,31,IF(F5=3,31,IF(F5=4,31,IF(F5=5,31,IF(F5=6,31,IF(F5=7,27,IF(F5=8,21,IF(F5=9,12,0))))))))))+IF(G5=0,31,IF(G5=1,31,IF(G5=2,31,IF(G5=3,31,IF(G5=4,31,IF(G5=5,31,IF(G5=6,31,IF(G5=7,27,IF(G5=8,21,IF(G5=9,12,0))))))))))+IF(H5=0,31,IF(H5=1,31,IF(H5=2,31,IF(H5=3,31,IF(H5=4,31,IF(H5=5,31,IF(H5=6,31,IF(H5=7,27,IF(H5=8,21,IF(H5=9,12,0)))))))))) -> 129 | P5: =IF(E5=0,30,IF(E5=1,30,IF(E5=2,30,IF(E5=3,18,0))))+IF(F5=0,22,IF(F5=1,22,IF(F5=2,22,IF(F5=3,19,IF(F5=4,15,IF(F5=5,9,0))))))+IF(G5=0,31,IF(G5=1,31,IF(G5=2,31,IF(G5=3,31,IF(G5=4,31,IF(G5=5,31,0))))))+IF(H5=0,22,IF(H5=1,22,IF(H5=2,22,IF(H5=3,19,IF(H5=4,15,IF(H5=5,9,0)))))) -> 105 | Q5: =IF(E5=0,18,IF(E5=1,15,0))+IF(F5=0,6,IF(F5=1,6,0))+IF(G5=0,6,IF(G5=1,6,0))+IF(H5=0,6,IF(H5=1,6,0)) -> 36 | R5: Слизь слайма | S5: =IF(F5=0,6,IF(F5=1,6,IF(F5=2,6,IF(F5=3,6,IF(F5=4,6,IF(F5=5,6,IF(F5=6,6,IF(F5=7,5,IF(F5=8,4,IF(F5=9,2,0))))))))))+IF(G5=0,6,IF(G5=1,6,IF(G5=2,6,IF(G5=3,6,IF(G5=4,6,IF(G5=5,6,IF(G5=6,6,IF(G5=7,5,IF(G5=8,4,IF(G5=9,2,0))))))))))+IF(H5=0,6,IF(H5=1,6,IF(H5=2,6,IF(H5=3,6,IF(H5=4,6,IF(H5=5,6,IF(H5=6,6,IF(H5=7,5,IF(H5=8,4,IF(H5=9,2,0)))))))))) -> 18 | T5: Пепельное сердце | U5: =IF(F5=10,0,1)+IF(G5=10,0,1)+IF(H5=10,0,1) -> 3 | V5: =IF(F5=0,38,IF(F5=1,38,IF(F5=2,38,IF(F5=3,38,IF(F5=4,38,IF(F5=5,38,IF(F5=6,38,IF(F5=7,34,IF(F5=8,28,IF(F5=9,16,0))))))))))+IF(G5=0,38,IF(G5=1,38,IF(G5=2,38,IF(G5=3,38,IF(G5=4,38,IF(G5=5,38,IF(G5=6,38,IF(G5=7,34,IF(G5=8,28,IF(G5=9,16,0))))))))))+IF(H5=0,38,IF(H5=1,38,IF(H5=2,38,IF(H5=3,38,IF(H5=4,38,IF(H5=5,38,IF(H5=6,38,IF(H5=7,34,IF(H5=8,28,IF(H5=9,16,0)))))))))) -> 114 | W5: =IF(F5=0,21,IF(F5=1,21,IF(F5=2,21,IF(F5=3,19,IF(F5=4,15,IF(F5=5,9,0))))))+IF(G5=0,21,IF(G5=1,21,IF(G5=2,21,IF(G5=3,19,IF(G5=4,15,IF(G5=5,21,0))))))+IF(H5=0,21,IF(H5=1,21,IF(H5=2,21,IF(H5=3,19,IF(H5=4,15,IF(H5=5,9,0)))))) -> 63 | X5: =IF(F5=0,3,IF(F5=1,3,0))+IF(G5=0,3,IF(G5=1,3,0))+IF(H5=0,3,IF(H5=1,3,0)) -> 9 | Y5: Изящество | Z5: =IF(E5=0,168,IF(E5=1,165,IF(E5=2,155,IF(E5=3,135,IF(E5=4,105,IF(E5=5,60,0)))))) -> 168 | AA5: Оникабуто | AB5: 1
A6: Кокоми | B6: 5 | C6: Инадзума | D6: Гидро | E6: 0 | F6: 0 | G6: 0 | H6: 0 | I6: =IF(E6=6,0,6) -> 6 | J6: =IF(E6=0,9,IF(E6=1,9,IF(E6=2,9,IF(E6=3,9,IF(E6=4,6,0))))) -> 9 | K6: =IF(E6=0,9,IF(E6=1,9,IF(E6=2,6,0))) -> 9 | L6: =IF(E6=0,1,0) -> 1 | M6: =IF(E6=0,46,IF(E6=1,46,IF(E6=2,44,IF(E6=3,40,IF(E6=4,32,IF(E6=5,20,0)))))) -> 46 | N6: Роса отречения | O6: =IF(E6=0,36,IF(E6=1,36,IF(E6=2,36,IF(E6=3,36,IF(E6=4,36,IF(E6=5,24,0))))))+IF(F6=0,31,IF(F6=1,31,IF(F6=2,31,IF(F6=3,31,IF(F6=4,31,IF(F6=5,31,IF(F6=6,31,IF(F6=7,27,IF(F6=8,21,IF(F6=9,12,0))))))))))+IF(G6=0,31,IF(G6=1,31,IF(G6=2,31,IF(G6=3,31,IF(G6=4,31,IF(G6=5,31,IF(G6=6,31,IF(G6=7,27,IF(G6=8,21,IF(G6=9,12,0))))))))))+IF(H6=0,31,IF(H6=1,31,IF(H6=2,31,IF(H6=3,31,IF(H6=4,31,IF(H6=5,31,IF(H6=6,31,IF(H6=7,27,IF(H6=8,21,IF(H6=9,12,0)))))))))) -> 129 | P6: =IF(E6=0,30,IF(E6=1,30,IF(E6=2,30,IF(E6=3,18,0))))+IF(F6=0,22,IF(F6=1,22,IF(F6=2,22,IF(F6=3,19,IF(F6=4,15,IF(F6=5,9,0))))))+IF(G6=0,31,IF(G6=1,31,IF(G6=2,31,IF(G6=3,31,IF(G6=4,31,IF(G6=5,31,0))))))+IF(H6=0,22,IF(H6=1,22,IF(H6=2,22,IF(H6=3,19,IF(H6=4,15,IF(H6=5,9,0)))))) -> 105 | Q6: =IF(E6=0,18,IF(E6=1,15,0))+IF(F6=0,6,IF(F6=1,6,0))+IF(G6=0,6,IF(G6=1,6,0))+IF(H6=0,6,IF(H6=1,6,0)) -> 36 | R6: Призрачная оболочка | S6: =IF(F6=0,6,IF(F6=1,6,IF(F6=2,6,IF(F6=3,6,IF(F6=4,6,IF(F6=5,6,IF(F6=6,6,IF(F6=7,5,IF(F6=8,4,IF(F6=9,2,0))))))))))+IF(G6=0,6,IF(G6=1,6,IF(G6=2,6,IF(G6=3,6,IF(G6=4,6,IF(G6=5,6,IF(G6=6,6,IF(G6=7,5,IF(G6=8,4,IF(G6=9,2,0))))))))))+IF(H6=0,6,IF(H6=1,6,IF(H6=2,6,IF(H6=3,6,IF(H6=4,6,IF(H6=5,6,IF(H6=6,6,IF(H6=7,5,IF(H6=8,4,IF(H6=9,2,0)))))))))) -> 18 | T6: Бабочка адского пламени | U6: =IF(F6=10,0,1)+IF(G6=10,0,1)+IF(H6=10,0,1) -> 3 | V6: =IF(F6=0,38,IF(F6=1,38,IF(F6=2,38,IF(F6=3,38,IF(F6=4,38,IF(F6=5,38,IF(F6=6,38,IF(F6=7,34,IF(F6=8,28,IF(F6=9,16,0))))))))))+IF(G6=0,38,IF(G6=1,38,IF(G6=2,38,IF(G6=3,38,IF(G6=4,38,IF(G6=5,38,IF(G6=6,38,IF(G6=7,34,IF(G6=8,28,IF(G6=9,16,0))))))))))+IF(H6=0,38,IF(H6=1,38,IF(H6=2,38,IF(H6=3,38,IF(H6=4,38,IF(H6=5,38,IF(H6=6,38,IF(H6=7,34,IF(H6=8,28,IF(H6=9,16,0)))))))))) -> 114 | W6: =IF(F6=0,21,IF(F6=1,21,IF(F6=2,21,IF(F6=3,19,IF(F6=4,15,IF(F6=5,9,0))))))+IF(G6=0,21,IF(G6=1,21,IF(G6=2,21,IF(G6=3,19,IF(G6=4,15,IF(G6=5,21,0))))))+IF(H6=0,21,IF(H6=1,21,IF(H6=2,21,IF(H6=3,19,IF(H6=4,15,IF(H6=5,9,0)))))) -> 63 | X6: =IF(F6=0,3,IF(F6=1,3,0))+IF(G6=0,3,IF(G6=1,3,0))+IF(H6=0,3,IF(H6=1,3,0)) -> 9 | Y6: Бренность | Z6: =IF(E6=0,168,IF(E6=1,165,IF(E6=2,155,IF(E6=3,135,IF(E6=4,105,IF(E6=5,60,0)))))) -> 168 | AA6: Жемчужина Санго | AB6: 1
A7: Райдэн | B7: 5 | C7: Инадзума | D7: Электро | E7: 6 | F7: 2 | G7: 9 | H7: 10 | I7: =IF(E7=6,0,6) -> 0 | J7: =IF(E7=0,9,IF(E7=1,9,IF(E7=2,9,IF(E7=3,9,IF(E7=4,6,0))))) -> 0 | K7: =IF(E7=0,9,IF(E7=1,9,IF(E7=2,6,0))) -> 0 | L7: =IF(E7=0,1,0) -> 0 | M7: =IF(E7=0,46,IF(E7=1,46,IF(E7=2,44,IF(E7=3,40,IF(E7=4,32,IF(E7=5,20,0)))))) -> 0 | N7: Штормовой жемчуг | O7: =IF(E7=0,36,IF(E7=1,36,IF(E7=2,36,IF(E7=3,36,IF(E7=4,36,IF(E7=5,24,0))))))+IF(F7=0,31,IF(F7=1,31,IF(F7=2,31,IF(F7=3,31,IF(F7=4,31,IF(F7=5,31,IF(F7=6,31,IF(F7=7,27,IF(F7=8,21,IF(F7=9,12,0))))))))))+IF(G7=0,31,IF(G7=1,31,IF(G7=2,31,IF(G7=3,31,IF(G7=4,31,IF(G7=5,31,IF(G7=6,31,IF(G7=7,27,IF(G7=8,21,IF(G7=9,12,0))))))))))+IF(H7=0,31,IF(H7=1,31,IF(H7=2,31,IF(H7=3,31,IF(H7=4,31,IF(H7=5,31,IF(H7=6,31,IF(H7=7,27,IF(H7=8,21,IF(H7=9,12,0)))))))))) -> 43 | P7: =IF(E7=0,30,IF(E7=1,30,IF(E7=2,30,IF(E7=3,18,0))))+IF(F7=0,22,IF(F7=1,22,IF(F7=2,22,IF(F7=3,19,IF(F7=4,15,IF(F7=5,9,0))))))+IF(G7=0,31,IF(G7=1,31,IF(G7=2,31,IF(G7=3,31,IF(G7=4,31,IF(G7=5,31,0))))))+IF(H7=0,22,IF(H7=1,22,IF(H7=2,22,IF(H7=3,19,IF(H7=4,15,IF(H7=5,9,0)))))) -> 22 | Q7: =IF(E7=0,18,IF(E7=1,15,0))+IF(F7=0,6,IF(F7=1,6,0))+IF(G7=0,6,IF(G7=1,6,0))+IF(H7=0,6,IF(H7=1,6,0)) -> 0 | R7: Гарда кагэути | S7: =IF(F7=0,6,IF(F7=1,6,IF(F7=2,6,IF(F7=3,6,IF(F7=4,6,IF(F7=5,6,IF(F7=6,6,IF(F7=7,5,IF(F7=8,4,IF(F7=9,2,0))))))))))+IF(G7=0,6,IF(G7=1,6,IF(G7=2,6,IF(G7=3,6,IF(G7=4,6,IF(G7=5,6,IF(G7=6,6,IF(G7=7,5,IF(G7=8,4,IF(G7=9,2,0))))))))))+IF(H7=0,6,IF(H7=1,6,IF(H7=2,6,IF(H7=3,6,IF(H7=4,6,IF(H7=5,6,IF(H7=6,6,IF(H7=7,5,IF(H7=8,4,IF(H7=9,2,0)))))))))) -> 8 | T7: Расплавленный миг | U7: =IF(F7=10,0,1)+IF(G7=10,0,1)+IF(H7=10,0,1) -> 2 | V7: =IF(F7=0,38,IF(F7=1,38,IF(F7=2,38,IF(F7=3,38,IF(F7=4,38,IF(F7=5,38,IF(F7=6,38,IF(F7=7,34,IF(F7=8,28,IF(F7=9,16,0))))))))))+IF(G7=0,38,IF(G7=1,38,IF(G7=2,38,IF(G7=3,38,IF(G7=4,38,IF(G7=5,38,IF(G7=6,38,IF(G7=7,34,IF(G7=8,28,IF(G7=9,16,0))))))))))+IF(H7=0,38,IF(H7=1,38,IF(H7=2,38,IF(H7=3,38,IF(H7=4,38,IF(H7=5,38,IF(H7=6,38,IF(H7=7,34,IF(H7=8,28,IF(H7=9,16,0)))))))))) -> 54 | W7: =IF(F7=0,21,IF(F7=1,21,IF(F7=2,21,IF(F7=3,19,IF(F7=4,15,IF(F7=5,9,0))))))+IF(G7=0,21,IF(G7=1,21,IF(G7=2,21,IF(G7=3,19,IF(G7=4,15,IF(G7=5,21,0))))))+IF(H7=0,21,IF(H7=1,21,IF(H7=2,21,IF(H7=3,19,IF(H7=4,15,IF(H7=5,9,0)))))) -> 21 | X7: =IF(F7=0,3,IF(F7=1,3,0))+IF(G7=0,3,IF(G7=1,3,0))+IF(H7=0,3,IF(H7=1,3,0)) -> 0 | Y7: Свет | Z7: =IF(E7=0,168,IF(E7=1,165,IF(E7=2,155,IF(E7=3,135,IF(E7=4,105,IF(E7=5,60,0)))))) -> 0 | AA7: Плод облачной травы | AB7: 1
A8: Яэ Мико | B8: 5 | C8: Инадзума | D8: Электро | E8: 6 | F8: 1 | G8: 9 | H8: 1 | I8: =IF(E8=6,0,6) -> 0 | J8: =IF(E8=0,9,IF(E8=1,9,IF(E8=2,9,IF(E8=3,9,IF(E8=4,6,0))))) -> 0 | K8: =IF(E8=0,9,IF(E8=1,9,IF(E8=2,6,0))) -> 0 | L8: =IF(E8=0,1,0) -> 0 | M8: =IF(E8=0,46,IF(E8=1,46,IF(E8=2,44,IF(E8=3,40,IF(E8=4,32,IF(E8=5,20,0)))))) -> 0 | N8: Ложный плавник Дракона глубин | O8: =IF(E8=0,36,IF(E8=1,36,IF(E8=2,36,IF(E8=3,36,IF(E8=4,36,IF(E8=5,24,0))))))+IF(F8=0,31,IF(F8=1,31,IF(F8=2,31,IF(F8=3,31,IF(F8=4,31,IF(F8=5,31,IF(F8=6,31,IF(F8=7,27,IF(F8=8,21,IF(F8=9,12,0))))))))))+IF(G8=0,31,IF(G8=1,31,IF(G8=2,31,IF(G8=3,31,IF(G8=4,31,IF(G8=5,31,IF(G8=6,31,IF(G8=7,27,IF(G8=8,21,IF(G8=9,12,0))))))))))+IF(H8=0,31,IF(H8=1,31,IF(H8=2,31,IF(H8=3,31,IF(H8=4,31,IF(H8=5,31,IF(H8=6,31,IF(H8=7,27,IF(H8=8,21,IF(H8=9,12,0)))))))))) -> 74 | P8: =IF(E8=0,30,IF(E8=1,30,IF(E8=2,30,IF(E8=3,18,0))))+IF(F8=0,22,IF(F8=1,22,IF(F8=2,22,IF(F8=3,19,IF(F8=4,15,IF(F8=5,9,0))))))+IF(G8=0,31,IF(G8=1,31,IF(G8=2,31,IF(G8=3,31,IF(G8=4,31,IF(G8=5,31,0))))))+IF(H8=0,22,IF(H8=1,22,IF(H8=2,22,IF(H8=3,19,IF(H8=4,15,IF(H8=5,9,0)))))) -> 44 | Q8: =IF(E8=0,18,IF(E8=1,15,0))+IF(F8=0,6,IF(F8=1,6,0))+IF(G8=0,6,IF(G8=1,6,0))+IF(H8=0,6,IF(H8=1,6,0)) -> 12 | R8: Гарда кагэути | S8: =IF(F8=0,6,IF(F8=1,6,IF(F8=2,6,IF(F8=3,6,IF(F8=4,6,IF(F8=5,6,IF(F8=6,6,IF(F8=7,5,IF(F8=8,4,IF(F8=9,2,0))))))))))+IF(G8=0,6,IF(G8=1,6,IF(G8=2,6,IF(G8=3,6,IF(G8=4,6,IF(G8=5,6,IF(G8=6,6,IF(G8=7,5,IF(G8=8,4,IF(G8=9,2,0))))))))))+IF(H8=0,6,IF(H8=1,6,IF(H8=2,6,IF(H8=3,6,IF(H8=4,6,IF(H8=5,6,IF(H8=6,6,IF(H8=7,5,IF(H8=8,4,IF(H8=9,2,0)))))))))) -> 14 | T8: Смысл эонов | U8: =IF(F8=10,0,1)+IF(G8=10,0,1)+IF(H8=10,0,1) -> 3 | V8: =IF(F8=0,38,IF(F8=1,38,IF(F8=2,38,IF(F8=3,38,IF(F8=4,38,IF(F8=5,38,IF(F8=6,38,IF(F8=7,34,IF(F8=8,28,IF(F8=9,16,0))))))))))+IF(G8=0,38,IF(G8=1,38,IF(G8=2,38,IF(G8=3,38,IF(G8=4,38,IF(G8=5,38,IF(G8=6,38,IF(G8=7,34,IF(G8=8,28,IF(G8=9,16,0))))))))))+IF(H8=0,38,IF(H8=1,38,IF(H8=2,38,IF(H8=3,38,IF(H8=4,38,IF(H8=5,38,IF(H8=6,38,IF(H8=7,34,IF(H8=8,28,IF(H8=9,16,0)))))))))) -> 92 | W8: =IF(F8=0,21,IF(F8=1,21,IF(F8=2,21,IF(F8=3,19,IF(F8=4,15,IF(F8=5,9,0))))))+IF(G8=0,21,IF(G8=1,21,IF(G8=2,21,IF(G8=3,19,IF(G8=4,15,IF(G8=5,21,0))))))+IF(H8=0,21,IF(H8=1,21,IF(H8=2,21,IF(H8=3,19,IF(H8=4,15,IF(H8=5,9,0)))))) -> 42 | X8: =IF(F8=0,3,IF(F8=1,3,0))+IF(G8=0,3,IF(G8=1,3,0))+IF(H8=0,3,IF(H8=1,3,0)) -> 6 | Y8: Свет | Z8: =IF(E8=0,168,IF(E8=1,165,IF(E8=2,155,IF(E8=3,135,IF(E8=4,105,IF(E8=5,60,0)))))) -> 0 | AA8: Морской гриб | AB8: 1
A9: Горо | B9: 4 | C9: Инадзума | D9: Гео | E9: 3 | F9: 1 | G9: 1 | H9: 2 | I9: =IF(E9=6,0,6) -> 6 | J9: =IF(E9=0,9,IF(E9=1,9,IF(E9=2,9,IF(E9=3,9,IF(E9=4,6,0))))) -> 9 | K9: =IF(E9=0,9,IF(E9=1,9,IF(E9=2,6,0))) -> 0 | L9: =IF(E9=0,1,0) -> 0 | M9: =IF(E9=0,46,IF(E9=1,46,IF(E9=2,44,IF(E9=3,40,IF(E9=4,32,IF(E9=5,20,0)))))) -> 40 | N9: Сердце бесконечного механизма | O9: =IF(E9=0,36,IF(E9=1,36,IF(E9=2,36,IF(E9=3,36,IF(E9=4,36,IF(E9=5,24,0))))))+IF(F9=0,31,IF(F9=1,31,IF(F9=2,31,IF(F9=3,31,IF(F9=4,31,IF(F9=5,31,IF(F9=6,31,IF(F9=7,27,IF(F9=8,21,IF(F9=9,12,0))))))))))+IF(G9=0,31,IF(G9=1,31,IF(G9=2,31,IF(G9=3,31,IF(G9=4,31,IF(G9=5,31,IF(G9=6,31,IF(G9=7,27,IF(G9=8,21,IF(G9=9,12,0))))))))))+IF(H9=0,31,IF(H9=1,31,IF(H9=2,31,IF(H9=3,31,IF(H9=4,31,IF(H9=5,31,IF(H9=6,31,IF(H9=7,27,IF(H9=8,21,IF(H9=9,12,0)))))))))) -> 129 | P9: =IF(E9=0,30,IF(E9=1,30,IF(E9=2,30,IF(E9=3,18,0))))+IF(F9=0,22,IF(F9=1,22,IF(F9=2,22,IF(F9=3,19,IF(F9=4,15,IF(F9=5,9,0))))))+IF(G9=0,31,IF(G9=1,31,IF(G9=2,31,IF(G9=3,31,IF(G9=4,31,IF(G9=5,31,0))))))+IF(H9=0,22,IF(H9=1,22,IF(H9=2,22,IF(H9=3,19,IF(H9=4,15,IF(H9=5,9,0)))))) -> 93 | Q9: =IF(E9=0,18,IF(E9=1,15,0))+IF(F9=0,6,IF(F9=1,6,0))+IF(G9=0,6,IF(G9=1,6,0))+IF(H9=0,6,IF(H9=1,6,0)) -> 12 | R9: Призрачная оболочка | S9: =IF(F9=0,6,IF(F9=1,6,IF(F9=2,6,IF(F9=3,6,IF(F9=4,6,IF(F9=5,6,IF(F9=6,6,IF(F9=7,5,IF(F9=8,4,IF(F9=9,2,0))))))))))+IF(G9=0,6,IF(G9=1,6,IF(G9=2,6,IF(G9=3,6,IF(G9=4,6,IF(G9=5,6,IF(G9=6,6,IF(G9=7,5,IF(G9=8,4,IF(G9=9,2,0))))))))))+IF(H9=0,6,IF(H9=1,6,IF(H9=2,6,IF(H9=3,6,IF(H9=4,6,IF(H9=5,6,IF(H9=6,6,IF(H9=7,5,IF(H9=8,4,IF(H9=9,2,0)))))))))) -> 18 | T9: Расплавленный миг | U9: =IF(F9=10,0,1)+IF(G9=10,0,1)+IF(H9=10,0,1) -> 3 | V9: =IF(F9=0,38,IF(F9=1,38,IF(F9=2,38,IF(F9=3,38,IF(F9=4,38,IF(F9=5,38,IF(F9=6,38,IF(F9=7,34,IF(F9=8,28,IF(F9=9,16,0))))))))))+IF(G9=0,38,IF(G9=1,38,IF(G9=2,38,IF(G9=3,38,IF(G9=4,38,IF(G9=5,38,IF(G9=6,38,IF(G9=7,34,IF(G9=8,28,IF(G9=9,16,0))))))))))+IF(H9=0,38,IF(H9=1,38,IF(H9=2,38,IF(H9=3,38,IF(H9=4,38,IF(H9=5,38,IF(H9=6,38,IF(H9=7,34,IF(H9=8,28,IF(H9=9,16,0)))))))))) -> 114 | W9: =IF(F9=0,21,IF(F9=1,21,IF(F9=2,21,IF(F9=3,19,IF(F9=4,15,IF(F9=5,9,0))))))+IF(G9=0,21,IF(G9=1,21,IF(G9=2,21,IF(G9=3,19,IF(G9=4,15,IF(G9=5,21,0))))))+IF(H9=0,21,IF(H9=1,21,IF(H9=2,21,IF(H9=3,19,IF(H9=4,15,IF(H9=5,9,0)))))) -> 63 | X9: =IF(F9=0,3,IF(F9=1,3,0))+IF(G9=0,3,IF(G9=1,3,0))+IF(H9=0,3,IF(H9=1,3,0)) -> 6 | Y9: Свет | Z9: =IF(E9=0,168,IF(E9=1,165,IF(E9=2,155,IF(E9=3,135,IF(E9=4,105,IF(E9=5,60,0)))))) -> 135 | AA9: Жемчужина Санго
A10: Кирара | B10: 4 | C10: Инадзума | D10: Дендро | E10: 1 | F10: 1 | G10: 1 | H10: 1 | I10: =IF(E10=6,0,6) -> 6 | J10: =IF(E10=0,9,IF(E10=1,9,IF(E10=2,9,IF(E10=3,9,IF(E10=4,6,0))))) -> 9 | K10: =IF(E10=0,9,IF(E10=1,9,IF(E10=2,6,0))) -> 9 | L10: =IF(E10=0,1,0) -> 0 | M10: =IF(E10=0,46,IF(E10=1,46,IF(E10=2,44,IF(E10=3,40,IF(E10=4,32,IF(E10=5,20,0)))))) -> 46 | N10: Кольцо вечного мрака | O10: =IF(E10=0,36,IF(E10=1,36,IF(E10=2,36,IF(E10=3,36,IF(E10=4,36,IF(E10=5,24,0))))))+IF(F10=0,31,IF(F10=1,31,IF(F10=2,31,IF(F10=3,31,IF(F10=4,31,IF(F10=5,31,IF(F10=6,31,IF(F10=7,27,IF(F10=8,21,IF(F10=9,12,0))))))))))+IF(G10=0,31,IF(G10=1,31,IF(G10=2,31,IF(G10=3,31,IF(G10=4,31,IF(G10=5,31,IF(G10=6,31,IF(G10=7,27,IF(G10=8,21,IF(G10=9,12,0))))))))))+IF(H10=0,31,IF(H10=1,31,IF(H10=2,31,IF(H10=3,31,IF(H10=4,31,IF(H10=5,31,IF(H10=6,31,IF(H10=7,27,IF(H10=8,21,IF(H10=9,12,0)))))))))) -> 129 | P10: =IF(E10=0,30,IF(E10=1,30,IF(E10=2,30,IF(E10=3,18,0))))+IF(F10=0,22,IF(F10=1,22,IF(F10=2,22,IF(F10=3,19,IF(F10=4,15,IF(F10=5,9,0))))))+IF(G10=0,31,IF(G10=1,31,IF(G10=2,31,IF(G10=3,31,IF(G10=4,31,IF(G10=5,31,0))))))+IF(H10=0,22,IF(H10=1,22,IF(H10=2,22,IF(H10=3,19,IF(H10=4,15,IF(H10=5,9,0)))))) -> 105 | Q10: =IF(E10=0,18,IF(E10=1,15,0))+IF(F10=0,6,IF(F10=1,6,0))+IF(G10=0,6,IF(G10=1,6,0))+IF(H10=0,6,IF(H10=1,6,0)) -> 33 | R10: Призрачная оболочка | S10: =IF(F10=0,6,IF(F10=1,6,IF(F10=2,6,IF(F10=3,6,IF(F10=4,6,IF(F10=5,6,IF(F10=6,6,IF(F10=7,5,IF(F10=8,4,IF(F10=9,2,0))))))))))+IF(G10=0,6,IF(G10=1,6,IF(G10=2,6,IF(G10=3,6,IF(G10=4,6,IF(G10=5,6,IF(G10=6,6,IF(G10=7,5,IF(G10=8,4,IF(G10=9,2,0))))))))))+IF(H10=0,6,IF(H10=1,6,IF(H10=2,6,IF(H10=3,6,IF(H10=4,6,IF(H10=5,6,IF(H10=6,6,IF(H10=7,5,IF(H10=8,4,IF(H10=9,2,0)))))))))) -> 18 | T10: Вечный янтарь | U10: =IF(F10=10,0,1)+IF(G10=10,0,1)+IF(H10=10,0,1) -> 3 | V10: =IF(F10=0,38,IF(F10=1,38,IF(F10=2,38,IF(F10=3,38,IF(F10=4,38,IF(F10=5,38,IF(F10=6,38,IF(F10=7,34,IF(F10=8,28,IF(F10=9,16,0))))))))))+IF(G10=0,38,IF(G10=1,38,IF(G10=2,38,IF(G10=3,38,IF(G10=4,38,IF(G10=5,38,IF(G10=6,38,IF(G10=7,34,IF(G10=8,28,IF(G10=9,16,0))))))))))+IF(H10=0,38,IF(H10=1,38,IF(H10=2,38,IF(H10=3,38,IF(H10=4,38,IF(H10=5,38,IF(H10=6,38,IF(H10=7,34,IF(H10=8,28,IF(H10=9,16,0)))))))))) -> 114 | W10: =IF(F10=0,21,IF(F10=1,21,IF(F10=2,21,IF(F10=3,19,IF(F10=4,15,IF(F10=5,9,0))))))+IF(G10=0,21,IF(G10=1,21,IF(G10=2,21,IF(G10=3,19,IF(G10=4,15,IF(G10=5,21,0))))))+IF(H10=0,21,IF(H10=1,21,IF(H10=2,21,IF(H10=3,19,IF(H10=4,15,IF(H10=5,9,0)))))) -> 63 | X10: =IF(F10=0,3,IF(F10=1,3,0))+IF(G10=0,3,IF(G10=1,3,0))+IF(H10=0,3,IF(H10=1,3,0)) -> 9 | Y10: Бренность | Z10: =IF(E10=0,168,IF(E10=1,165,IF(E10=2,155,IF(E10=3,135,IF(E10=4,105,IF(E10=5,60,0)))))) -> 165 | AA10: Плод облачной травы | AB10: 1
A11: Куки Синобу | B11: 4 | C11: Инадзума | D11: Электро | E11: 3 | F11: 1 | G11: 1 | H11: 1 | I11: =IF(E11=6,0,6) -> 6 | J11: =IF(E11=0,9,IF(E11=1,9,IF(E11=2,9,IF(E11=3,9,IF(E11=4,6,0))))) -> 9 | K11: =IF(E11=0,9,IF(E11=1,9,IF(E11=2,6,0))) -> 0 | L11: =IF(E11=0,1,0) -> 0 | M11: =IF(E11=0,46,IF(E11=1,46,IF(E11=2,44,IF(E11=3,40,IF(E11=4,32,IF(E11=5,20,0)))))) -> 40 | N11: Рунический клык | O11: =IF(E11=0,36,IF(E11=1,36,IF(E11=2,36,IF(E11=3,36,IF(E11=4,36,IF(E11=5,24,0))))))+IF(F11=0,31,IF(F11=1,31,IF(F11=2,31,IF(F11=3,31,IF(F11=4,31,IF(F11=5,31,IF(F11=6,31,IF(F11=7,27,IF(F11=8,21,IF(F11=9,12,0))))))))))+IF(G11=0,31,IF(G11=1,31,IF(G11=2,31,IF(G11=3,31,IF(G11=4,31,IF(G11=5,31,IF(G11=6,31,IF(G11=7,27,IF(G11=8,21,IF(G11=9,12,0))))))))))+IF(H11=0,31,IF(H11=1,31,IF(H11=2,31,IF(H11=3,31,IF(H11=4,31,IF(H11=5,31,IF(H11=6,31,IF(H11=7,27,IF(H11=8,21,IF(H11=9,12,0)))))))))) -> 129 | P11: =IF(E11=0,30,IF(E11=1,30,IF(E11=2,30,IF(E11=3,18,0))))+IF(F11=0,22,IF(F11=1,22,IF(F11=2,22,IF(F11=3,19,IF(F11=4,15,IF(F11=5,9,0))))))+IF(G11=0,31,IF(G11=1,31,IF(G11=2,31,IF(G11=3,31,IF(G11=4,31,IF(G11=5,31,0))))))+IF(H11=0,22,IF(H11=1,22,IF(H11=2,22,IF(H11=3,19,IF(H11=4,15,IF(H11=5,9,0)))))) -> 93 | Q11: =IF(E11=0,18,IF(E11=1,15,0))+IF(F11=0,6,IF(F11=1,6,0))+IF(G11=0,6,IF(G11=1,6,0))+IF(H11=0,6,IF(H11=1,6,0)) -> 18 | R11: Призрачная оболочка | S11: =IF(F11=0,6,IF(F11=1,6,IF(F11=2,6,IF(F11=3,6,IF(F11=4,6,IF(F11=5,6,IF(F11=6,6,IF(F11=7,5,IF(F11=8,4,IF(F11=9,2,0))))))))))+IF(G11=0,6,IF(G11=1,6,IF(G11=2,6,IF(G11=3,6,IF(G11=4,6,IF(G11=5,6,IF(G11=6,6,IF(G11=7,5,IF(G11=8,4,IF(G11=9,2,0))))))))))+IF(H11=0,6,IF(H11=1,6,IF(H11=2,6,IF(H11=3,6,IF(H11=4,6,IF(H11=5,6,IF(H11=6,6,IF(H11=7,5,IF(H11=8,4,IF(H11=9,2,0)))))))))) -> 18 | T11: Слёзы очищения божества бедствий | U11: =IF(F11=10,0,1)+IF(G11=10,0,1)+IF(H11=10,0,1) -> 3 | V11: =IF(F11=0,38,IF(F11=1,38,IF(F11=2,38,IF(F11=3,38,IF(F11=4,38,IF(F11=5,38,IF(F11=6,38,IF(F11=7,34,IF(F11=8,28,IF(F11=9,16,0))))))))))+IF(G11=0,38,IF(G11=1,38,IF(G11=2,38,IF(G11=3,38,IF(G11=4,38,IF(G11=5,38,IF(G11=6,38,IF(G11=7,34,IF(G11=8,28,IF(G11=9,16,0))))))))))+IF(H11=0,38,IF(H11=1,38,IF(H11=2,38,IF(H11=3,38,IF(H11=4,38,IF(H11=5,38,IF(H11=6,38,IF(H11=7,34,IF(H11=8,28,IF(H11=9,16,0)))))))))) -> 114 | W11: =IF(F11=0,21,IF(F11=1,21,IF(F11=2,21,IF(F11=3,19,IF(F11=4,15,IF(F11=5,9,0))))))+IF(G11=0,21,IF(G11=1,21,IF(G11=2,21,IF(G11=3,19,IF(G11=4,15,IF(G11=5,21,0))))))+IF(H11=0,21,IF(H11=1,21,IF(H11=2,21,IF(H11=3,19,IF(H11=4,15,IF(H11=5,9,0)))))) -> 63 | X11: =IF(F11=0,3,IF(F11=1,3,0))+IF(G11=0,3,IF(G11=1,3,0))+IF(H11=0,3,IF(H11=1,3,0)) -> 9 | Y11: Изящество | Z11: =IF(E11=0,168,IF(E11=1,165,IF(E11=2,155,IF(E11=3,135,IF(E11=4,105,IF(E11=5,60,0)))))) -> 135 | AA11: Трава наку | AB11: 1
A12: Сара | B12: 4 | C12: Инадзума | D12: Электро | E12: 3 | F12: 2 | G12: 4 | H12: 4 | I12: =IF(E12=6,0,6) -> 6 | J12: =IF(E12=0,9,IF(E12=1,9,IF(E12=2,9,IF(E12=3,9,IF(E12=4,6,0))))) -> 9 | K12: =IF(E12=0,9,IF(E12=1,9,IF(E12=2,6,0))) -> 0 | L12: =IF(E12=0,1,0) -> 0 | M12: =IF(E12=0,46,IF(E12=1,46,IF(E12=2,44,IF(E12=3,40,IF(E12=4,32,IF(E12=5,20,0)))))) -> 40 | N12: Штормовой жемчуг | O12: =IF(E12=0,36,IF(E12=1,36,IF(E12=2,36,IF(E12=3,36,IF(E12=4,36,IF(E12=5,24,0))))))+IF(F12=0,31,IF(F12=1,31,IF(F12=2,31,IF(F12=3,31,IF(F12=4,31,IF(F12=5,31,IF(F12=6,31,IF(F12=7,27,IF(F12=8,21,IF(F12=9,12,0))))))))))+IF(G12=0,31,IF(G12=1,31,IF(G12=2,31,IF(G12=3,31,IF(G12=4,31,IF(G12=5,31,IF(G12=6,31,IF(G12=7,27,IF(G12=8,21,IF(G12=9,12,0))))))))))+IF(H12=0,31,IF(H12=1,31,IF(H12=2,31,IF(H12=3,31,IF(H12=4,31,IF(H12=5,31,IF(H12=6,31,IF(H12=7,27,IF(H12=8,21,IF(H12=9,12,0)))))))))) -> 129 | P12: =IF(E12=0,30,IF(E12=1,30,IF(E12=2,30,IF(E12=3,18,0))))+IF(F12=0,22,IF(F12=1,22,IF(F12=2,22,IF(F12=3,19,IF(F12=4,15,IF(F12=5,9,0))))))+IF(G12=0,31,IF(G12=1,31,IF(G12=2,31,IF(G12=3,31,IF(G12=4,31,IF(G12=5,31,0))))))+IF(H12=0,22,IF(H12=1,22,IF(H12=2,22,IF(H12=3,19,IF(H12=4,15,IF(H12=5,9,0)))))) -> 86 | Q12: =IF(E12=0,18,IF(E12=1,15,0))+IF(F12=0,6,IF(F12=1,6,0))+IF(G12=0,6,IF(G12=1,6,0))+IF(H12=0,6,IF(H12=1,6,0)) -> 0 | R12: Разбитая маска | S12: =IF(F12=0,6,IF(F12=1,6,IF(F12=2,6,IF(F12=3,6,IF(F12=4,6,IF(F12=5,6,IF(F12=6,6,IF(F12=7,5,IF(F12=8,4,IF(F12=9,2,0))))))))))+IF(G12=0,6,IF(G12=1,6,IF(G12=2,6,IF(G12=3,6,IF(G12=4,6,IF(G12=5,6,IF(G12=6,6,IF(G12=7,5,IF(G12=8,4,IF(G12=9,2,0))))))))))+IF(H12=0,6,IF(H12=1,6,IF(H12=2,6,IF(H12=3,6,IF(H12=4,6,IF(H12=5,6,IF(H12=6,6,IF(H12=7,5,IF(H12=8,4,IF(H12=9,2,0)))))))))) -> 18 | T12: Пепельное сердце | U12: =IF(F12=10,0,1)+IF(G12=10,0,1)+IF(H12=10,0,1) -> 3 | V12: =IF(F12=0,38,IF(F12=1,38,IF(F12=2,38,IF(F12=3,38,IF(F12=4,38,IF(F12=5,38,IF(F12=6,38,IF(F12=7,34,IF(F12=8,28,IF(F12=9,16,0))))))))))+IF(G12=0,38,IF(G12=1,38,IF(G12=2,38,IF(G12=3,38,IF(G12=4,38,IF(G12=5,38,IF(G12=6,38,IF(G12=7,34,IF(G12=8,28,IF(G12=9,16,0))))))))))+IF(H12=0,38,IF(H12=1,38,IF(H12=2,38,IF(H12=3,38,IF(H12=4,38,IF(H12=5,38,IF(H12=6,38,IF(H12=7,34,IF(H12=8,28,IF(H12=9,16,0)))))))))) -> 114 | W12: =IF(F12=0,21,IF(F12=1,21,IF(F12=2,21,IF(F12=3,19,IF(F12=4,15,IF(F12=5,9,0))))))+IF(G12=0,21,IF(G12=1,21,IF(G12=2,21,IF(G12=3,19,IF(G12=4,15,IF(G12=5,21,0))))))+IF(H12=0,21,IF(H12=1,21,IF(H12=2,21,IF(H12=3,19,IF(H12=4,15,IF(H12=5,9,0)))))) -> 51 | X12: =IF(F12=0,3,IF(F12=1,3,0))+IF(G12=0,3,IF(G12=1,3,0))+IF(H12=0,3,IF(H12=1,3,0)) -> 0 | Y12: Изящество | Z12: =IF(E12=0,168,IF(E12=1,165,IF(E12=2,155,IF(E12=3,135,IF(E12=4,105,IF(E12=5,60,0)))))) -> 135 | AA12: Кровоцвет
A13: Саю | B13: 4 | C13: Инадзума | D13: Анемо | E13: 3 | F13: 2 | G13: 4 | H13: 4 | I13: =IF(E13=6,0,6) -> 6 | J13: =IF(E13=0,9,IF(E13=1,9,IF(E13=2,9,IF(E13=3,9,IF(E13=4,6,0))))) -> 9 | K13: =IF(E13=0,9,IF(E13=1,9,IF(E13=2,6,0))) -> 0 | L13: =IF(E13=0,1,0) -> 0 | M13: =IF(E13=0,46,IF(E13=1,46,IF(E13=2,44,IF(E13=3,40,IF(E13=4,32,IF(E13=5,20,0)))))) -> 40 | N13: Ядро марионетки | O13: =IF(E13=0,36,IF(E13=1,36,IF(E13=2,36,IF(E13=3,36,IF(E13=4,36,IF(E13=5,24,0))))))+IF(F13=0,31,IF(F13=1,31,IF(F13=2,31,IF(F13=3,31,IF(F13=4,31,IF(F13=5,31,IF(F13=6,31,IF(F13=7,27,IF(F13=8,21,IF(F13=9,12,0))))))))))+IF(G13=0,31,IF(G13=1,31,IF(G13=2,31,IF(G13=3,31,IF(G13=4,31,IF(G13=5,31,IF(G13=6,31,IF(G13=7,27,IF(G13=8,21,IF(G13=9,12,0))))))))))+IF(H13=0,31,IF(H13=1,31,IF(H13=2,31,IF(H13=3,31,IF(H13=4,31,IF(H13=5,31,IF(H13=6,31,IF(H13=7,27,IF(H13=8,21,IF(H13=9,12,0)))))))))) -> 129 | P13: =IF(E13=0,30,IF(E13=1,30,IF(E13=2,30,IF(E13=3,18,0))))+IF(F13=0,22,IF(F13=1,22,IF(F13=2,22,IF(F13=3,19,IF(F13=4,15,IF(F13=5,9,0))))))+IF(G13=0,31,IF(G13=1,31,IF(G13=2,31,IF(G13=3,31,IF(G13=4,31,IF(G13=5,31,0))))))+IF(H13=0,22,IF(H13=1,22,IF(H13=2,22,IF(H13=3,19,IF(H13=4,15,IF(H13=5,9,0)))))) -> 86 | Q13: =IF(E13=0,18,IF(E13=1,15,0))+IF(F13=0,6,IF(F13=1,6,0))+IF(G13=0,6,IF(G13=1,6,0))+IF(H13=0,6,IF(H13=1,6,0)) -> 0 | R13: Нектар попрыгуньи | S13: =IF(F13=0,6,IF(F13=1,6,IF(F13=2,6,IF(F13=3,6,IF(F13=4,6,IF(F13=5,6,IF(F13=6,6,IF(F13=7,5,IF(F13=8,4,IF(F13=9,2,0))))))))))+IF(G13=0,6,IF(G13=1,6,IF(G13=2,6,IF(G13=3,6,IF(G13=4,6,IF(G13=5,6,IF(G13=6,6,IF(G13=7,5,IF(G13=8,4,IF(G13=9,2,0))))))))))+IF(H13=0,6,IF(H13=1,6,IF(H13=2,6,IF(H13=3,6,IF(H13=4,6,IF(H13=5,6,IF(H13=6,6,IF(H13=7,5,IF(H13=8,4,IF(H13=9,2,0)))))))))) -> 18 | T13: Позолоченная чешуя | U13: =IF(F13=10,0,1)+IF(G13=10,0,1)+IF(H13=10,0,1) -> 3 | V13: =IF(F13=0,38,IF(F13=1,38,IF(F13=2,38,IF(F13=3,38,IF(F13=4,38,IF(F13=5,38,IF(F13=6,38,IF(F13=7,34,IF(F13=8,28,IF(F13=9,16,0))))))))))+IF(G13=0,38,IF(G13=1,38,IF(G13=2,38,IF(G13=3,38,IF(G13=4,38,IF(G13=5,38,IF(G13=6,38,IF(G13=7,34,IF(G13=8,28,IF(G13=9,16,0))))))))))+IF(H13=0,38,IF(H13=1,38,IF(H13=2,38,IF(H13=3,38,IF(H13=4,38,IF(H13=5,38,IF(H13=6,38,IF(H13=7,34,IF(H13=8,28,IF(H13=9,16,0)))))))))) -> 114 | W13: =IF(F13=0,21,IF(F13=1,21,IF(F13=2,21,IF(F13=3,19,IF(F13=4,15,IF(F13=5,9,0))))))+IF(G13=0,21,IF(G13=1,21,IF(G13=2,21,IF(G13=3,19,IF(G13=4,15,IF(G13=5,21,0))))))+IF(H13=0,21,IF(H13=1,21,IF(H13=2,21,IF(H13=3,19,IF(H13=4,15,IF(H13=5,9,0)))))) -> 51 | X13: =IF(F13=0,3,IF(F13=1,3,0))+IF(G13=0,3,IF(G13=1,3,0))+IF(H13=0,3,IF(H13=1,3,0)) -> 0 | Y13: Свет | Z13: =IF(E13=0,168,IF(E13=1,165,IF(E13=2,155,IF(E13=3,135,IF(E13=4,105,IF(E13=5,60,0)))))) -> 135 | AA13: Кристальный костный мозг
A14: Тома | B14: 4 | C14: Инадзума | D14: Пиро | E14: 6 | F14: 2 | G14: 9 | H14: 4 | I14: =IF(E14=6,0,6) -> 0 | J14: =IF(E14=0,9,IF(E14=1,9,IF(E14=2,9,IF(E14=3,9,IF(E14=4,6,0))))) -> 0 | K14: =IF(E14=0,9,IF(E14=1,9,IF(E14=2,6,0))) -> 0 | L14: =IF(E14=0,1,0) -> 0 | M14: =IF(E14=0,46,IF(E14=1,46,IF(E14=2,44,IF(E14=3,40,IF(E14=4,32,IF(E14=5,20,0)))))) -> 0 | N14: Тлеющая жемчужина | O14: =IF(E14=0,36,IF(E14=1,36,IF(E14=2,36,IF(E14=3,36,IF(E14=4,36,IF(E14=5,24,0))))))+IF(F14=0,31,IF(F14=1,31,IF(F14=2,31,IF(F14=3,31,IF(F14=4,31,IF(F14=5,31,IF(F14=6,31,IF(F14=7,27,IF(F14=8,21,IF(F14=9,12,0))))))))))+IF(G14=0,31,IF(G14=1,31,IF(G14=2,31,IF(G14=3,31,IF(G14=4,31,IF(G14=5,31,IF(G14=6,31,IF(G14=7,27,IF(G14=8,21,IF(G14=9,12,0))))))))))+IF(H14=0,31,IF(H14=1,31,IF(H14=2,31,IF(H14=3,31,IF(H14=4,31,IF(H14=5,31,IF(H14=6,31,IF(H14=7,27,IF(H14=8,21,IF(H14=9,12,0)))))))))) -> 74 | P14: =IF(E14=0,30,IF(E14=1,30,IF(E14=2,30,IF(E14=3,18,0))))+IF(F14=0,22,IF(F14=1,22,IF(F14=2,22,IF(F14=3,19,IF(F14=4,15,IF(F14=5,9,0))))))+IF(G14=0,31,IF(G14=1,31,IF(G14=2,31,IF(G14=3,31,IF(G14=4,31,IF(G14=5,31,0))))))+IF(H14=0,22,IF(H14=1,22,IF(H14=2,22,IF(H14=3,19,IF(H14=4,15,IF(H14=5,9,0)))))) -> 37 | Q14: =IF(E14=0,18,IF(E14=1,15,0))+IF(F14=0,6,IF(F14=1,6,0))+IF(G14=0,6,IF(G14=1,6,0))+IF(H14=0,6,IF(H14=1,6,0)) -> 0 | R14: Печать Похитителей сокровищ | S14: =IF(F14=0,6,IF(F14=1,6,IF(F14=2,6,IF(F14=3,6,IF(F14=4,6,IF(F14=5,6,IF(F14=6,6,IF(F14=7,5,IF(F14=8,4,IF(F14=9,2,0))))))))))+IF(G14=0,6,IF(G14=1,6,IF(G14=2,6,IF(G14=3,6,IF(G14=4,6,IF(G14=5,6,IF(G14=6,6,IF(G14=7,5,IF(G14=8,4,IF(G14=9,2,0))))))))))+IF(H14=0,6,IF(H14=1,6,IF(H14=2,6,IF(H14=3,6,IF(H14=4,6,IF(H14=5,6,IF(H14=6,6,IF(H14=7,5,IF(H14=8,4,IF(H14=9,2,0)))))))))) -> 14 | T14: Бабочка адского пламени | U14: =IF(F14=10,0,1)+IF(G14=10,0,1)+IF(H14=10,0,1) -> 3 | V14: =IF(F14=0,38,IF(F14=1,38,IF(F14=2,38,IF(F14=3,38,IF(F14=4,38,IF(F14=5,38,IF(F14=6,38,IF(F14=7,34,IF(F14=8,28,IF(F14=9,16,0))))))))))+IF(G14=0,38,IF(G14=1,38,IF(G14=2,38,IF(G14=3,38,IF(G14=4,38,IF(G14=5,38,IF(G14=6,38,IF(G14=7,34,IF(G14=8,28,IF(G14=9,16,0))))))))))+IF(H14=0,38,IF(H14=1,38,IF(H14=2,38,IF(H14=3,38,IF(H14=4,38,IF(H14=5,38,IF(H14=6,38,IF(H14=7,34,IF(H14=8,28,IF(H14=9,16,0)))))))))) -> 92 | W14: =IF(F14=0,21,IF(F14=1,21,IF(F14=2,21,IF(F14=3,19,IF(F14=4,15,IF(F14=5,9,0))))))+IF(G14=0,21,IF(G14=1,21,IF(G14=2,21,IF(G14=3,19,IF(G14=4,15,IF(G14=5,21,0))))))+IF(H14=0,21,IF(H14=1,21,IF(H14=2,21,IF(H14=3,19,IF(H14=4,15,IF(H14=5,9,0)))))) -> 36 | X14: =IF(F14=0,3,IF(F14=1,3,0))+IF(G14=0,3,IF(G14=1,3,0))+IF(H14=0,3,IF(H14=1,3,0)) -> 0 | Y14: Бренность | Z14: =IF(E14=0,168,IF(E14=1,165,IF(E14=2,155,IF(E14=3,135,IF(E14=4,105,IF(E14=5,60,0)))))) -> 0 | AA14: Светящийся гриб | AB14: 1
A15: Хэйдзо | B15: 4 | C15: Инадзума | D15: Анемо | E15: 0 | F15: 0 | G15: 0 | H15: 0 | I15: =IF(E15=6,0,6) -> 6 | J15: =IF(E15=0,9,IF(E15=1,9,IF(E15=2,9,IF(E15=3,9,IF(E15=4,6,0))))) -> 9 | K15: =IF(E15=0,9,IF(E15=1,9,IF(E15=2,6,0))) -> 9 | L15: =IF(E15=0,1,0) -> 1 | M15: =IF(E15=0,46,IF(E15=1,46,IF(E15=2,44,IF(E15=3,40,IF(E15=4,32,IF(E15=5,20,0)))))) -> 46 | N15: Рунический клык | O15: =IF(E15=0,36,IF(E15=1,36,IF(E15=2,36,IF(E15=3,36,IF(E15=4,36,IF(E15=5,24,0))))))+IF(F15=0,31,IF(F15=1,31,IF(F15=2,31,IF(F15=3,31,IF(F15=4,31,IF(F15=5,31,IF(F15=6,31,IF(F15=7,27,IF(F15=8,21,IF(F15=9,12,0))))))))))+IF(G15=0,31,IF(G15=1,31,IF(G15=2,31,IF(G15=3,31,IF(G15=4,31,IF(G15=5,31,IF(G15=6,31,IF(G15=7,27,IF(G15=8,21,IF(G15=9,12,0))))))))))+IF(H15=0,31,IF(H15=1,31,IF(H15=2,31,IF(H15=3,31,IF(H15=4,31,IF(H15=5,31,IF(H15=6,31,IF(H15=7,27,IF(H15=8,21,IF(H15=9,12,0)))))))))) -> 129 | P15: =IF(E15=0,30,IF(E15=1,30,IF(E15=2,30,IF(E15=3,18,0))))+IF(F15=0,22,IF(F15=1,22,IF(F15=2,22,IF(F15=3,19,IF(F15=4,15,IF(F15=5,9,0))))))+IF(G15=0,31,IF(G15=1,31,IF(G15=2,31,IF(G15=3,31,IF(G15=4,31,IF(G15=5,31,0))))))+IF(H15=0,22,IF(H15=1,22,IF(H15=2,22,IF(H15=3,19,IF(H15=4,15,IF(H15=5,9,0)))))) -> 105 | Q15: =IF(E15=0,18,IF(E15=1,15,0))+IF(F15=0,6,IF(F15=1,6,0))+IF(G15=0,6,IF(G15=1,6,0))+IF(H15=0,6,IF(H15=1,6,0)) -> 36 | R15: Печать Похитителей сокровищ | S15: =IF(F15=0,6,IF(F15=1,6,IF(F15=2,6,IF(F15=3,6,IF(F15=4,6,IF(F15=5,6,IF(F15=6,6,IF(F15=7,5,IF(F15=8,4,IF(F15=9,2,0))))))))))+IF(G15=0,6,IF(G15=1,6,IF(G15=2,6,IF(G15=3,6,IF(G15=4,6,IF(G15=5,6,IF(G15=6,6,IF(G15=7,5,IF(G15=8,4,IF(G15=9,2,0))))))))))+IF(H15=0,6,IF(H15=1,6,IF(H15=2,6,IF(H15=3,6,IF(H15=4,6,IF(H15=5,6,IF(H15=6,6,IF(H15=7,5,IF(H15=8,4,IF(H15=9,2,0)))))))))) -> 18 | T15: Смысл эонов | U15: =IF(F15=10,0,1)+IF(G15=10,0,1)+IF(H15=10,0,1) -> 3 | V15: =IF(F15=0,38,IF(F15=1,38,IF(F15=2,38,IF(F15=3,38,IF(F15=4,38,IF(F15=5,38,IF(F15=6,38,IF(F15=7,34,IF(F15=8,28,IF(F15=9,16,0))))))))))+IF(G15=0,38,IF(G15=1,38,IF(G15=2,38,IF(G15=3,38,IF(G15=4,38,IF(G15=5,38,IF(G15=6,38,IF(G15=7,34,IF(G15=8,28,IF(G15=9,16,0))))))))))+IF(H15=0,38,IF(H15=1,38,IF(H15=2,38,IF(H15=3,38,IF(H15=4,38,IF(H15=5,38,IF(H15=6,38,IF(H15=7,34,IF(H15=8,28,IF(H15=9,16,0)))))))))) -> 114 | W15: =IF(F15=0,21,IF(F15=1,21,IF(F15=2,21,IF(F15=3,19,IF(F15=4,15,IF(F15=5,9,0))))))+IF(G15=0,21,IF(G15=1,21,IF(G15=2,21,IF(G15=3,19,IF(G15=4,15,IF(G15=5,21,0))))))+IF(H15=0,21,IF(H15=1,21,IF(H15=2,21,IF(H15=3,19,IF(H15=4,15,IF(H15=5,9,0)))))) -> 63 | X15: =IF(F15=0,3,IF(F15=1,3,0))+IF(G15=0,3,IF(G15=1,3,0))+IF(H15=0,3,IF(H15=1,3,0)) -> 9 | Y15: Бренность | Z15: =IF(E15=0,168,IF(E15=1,165,IF(E15=2,155,IF(E15=3,135,IF(E15=4,105,IF(E15=5,60,0)))))) -> 168 | AA15: Оникабуто
A16: Бай Чжу | B16: 5 | C16: Лиюэ | D16: Дендро | E16: 0 | F16: 0 | G16: 0 | H16: 0 | I16: =IF(E16=6,0,6) -> 6 | J16: =IF(E16=0,9,IF(E16=1,9,IF(E16=2,9,IF(E16=3,9,IF(E16=4,6,0))))) -> 9 | K16: =IF(E16=0,9,IF(E16=1,9,IF(E16=2,6,0))) -> 9 | L16: =IF(E16=0,1,0) -> 1 | M16: =IF(E16=0,46,IF(E16=1,46,IF(E16=2,44,IF(E16=3,40,IF(E16=4,32,IF(E16=5,20,0)))))) -> 46 | N16: Кольцо вечного мрака | O16: =IF(E16=0,36,IF(E16=1,36,IF(E16=2,36,IF(E16=3,36,IF(E16=4,36,IF(E16=5,24,0))))))+IF(F16=0,31,IF(F16=1,31,IF(F16=2,31,IF(F16=3,31,IF(F16=4,31,IF(F16=5,31,IF(F16=6,31,IF(F16=7,27,IF(F16=8,21,IF(F16=9,12,0))))))))))+IF(G16=0,31,IF(G16=1,31,IF(G16=2,31,IF(G16=3,31,IF(G16=4,31,IF(G16=5,31,IF(G16=6,31,IF(G16=7,27,IF(G16=8,21,IF(G16=9,12,0))))))))))+IF(H16=0,31,IF(H16=1,31,IF(H16=2,31,IF(H16=3,31,IF(H16=4,31,IF(H16=5,31,IF(H16=6,31,IF(H16=7,27,IF(H16=8,21,IF(H16=9,12,0)))))))))) -> 129 | P16: =IF(E16=0,30,IF(E16=1,30,IF(E16=2,30,IF(E16=3,18,0))))+IF(F16=0,22,IF(F16=1,22,IF(F16=2,22,IF(F16=3,19,IF(F16=4,15,IF(F16=5,9,0))))))+IF(G16=0,31,IF(G16=1,31,IF(G16=2,31,IF(G16=3,31,IF(G16=4,31,IF(G16=5,31,0))))))+IF(H16=0,22,IF(H16=1,22,IF(H16=2,22,IF(H16=3,19,IF(H16=4,15,IF(H16=5,9,0)))))) -> 105 | Q16: =IF(E16=0,18,IF(E16=1,15,0))+IF(F16=0,6,IF(F16=1,6,0))+IF(G16=0,6,IF(G16=1,6,0))+IF(H16=0,6,IF(H16=1,6,0)) -> 36 | R16: Споры плесенника | S16: =IF(F16=0,6,IF(F16=1,6,IF(F16=2,6,IF(F16=3,6,IF(F16=4,6,IF(F16=5,6,IF(F16=6,6,IF(F16=7,5,IF(F16=8,4,IF(F16=9,2,0))))))))))+IF(G16=0,6,IF(G16=1,6,IF(G16=2,6,IF(G16=3,6,IF(G16=4,6,IF(G16=5,6,IF(G16=6,6,IF(G16=7,5,IF(G16=8,4,IF(G16=9,2,0))))))))))+IF(H16=0,6,IF(H16=1,6,IF(H16=2,6,IF(H16=3,6,IF(H16=4,6,IF(H16=5,6,IF(H16=6,6,IF(H16=7,5,IF(H16=8,4,IF(H16=9,2,0)))))))))) -> 18 | T16: Объявший небосвод папоротник | U16: =IF(F16=10,0,1)+IF(G16=10,0,1)+IF(H16=10,0,1) -> 3 | V16: =IF(F16=0,38,IF(F16=1,38,IF(F16=2,38,IF(F16=3,38,IF(F16=4,38,IF(F16=5,38,IF(F16=6,38,IF(F16=7,34,IF(F16=8,28,IF(F16=9,16,0))))))))))+IF(G16=0,38,IF(G16=1,38,IF(G16=2,38,IF(G16=3,38,IF(G16=4,38,IF(G16=5,38,IF(G16=6,38,IF(G16=7,34,IF(G16=8,28,IF(G16=9,16,0))))))))))+IF(H16=0,38,IF(H16=1,38,IF(H16=2,38,IF(H16=3,38,IF(H16=4,38,IF(H16=5,38,IF(H16=6,38,IF(H16=7,34,IF(H16=8,28,IF(H16=9,16,0)))))))))) -> 114 | W16: =IF(F16=0,21,IF(F16=1,21,IF(F16=2,21,IF(F16=3,19,IF(F16=4,15,IF(F16=5,9,0))))))+IF(G16=0,21,IF(G16=1,21,IF(G16=2,21,IF(G16=3,19,IF(G16=4,15,IF(G16=5,21,0))))))+IF(H16=0,21,IF(H16=1,21,IF(H16=2,21,IF(H16=3,19,IF(H16=4,15,IF(H16=5,9,0)))))) -> 63 | X16: =IF(F16=0,3,IF(F16=1,3,0))+IF(G16=0,3,IF(G16=1,3,0))+IF(H16=0,3,IF(H16=1,3,0)) -> 9 | Y16: Золото | Z16: =IF(E16=0,168,IF(E16=1,165,IF(E16=2,155,IF(E16=3,135,IF(E16=4,105,IF(E16=5,60,0)))))) -> 168 | AA16: Стеклянные колокольчики | AB16: 1
A17: Гань Юй | B17: 5 | C17: Лиюэ | D17: Крио | E17: 0 | F17: 0 | G17: 0 | H17: 0 | I17: =IF(E17=6,0,6) -> 6 | J17: =IF(E17=0,9,IF(E17=1,9,IF(E17=2,9,IF(E17=3,9,IF(E17=4,6,0))))) -> 9 | K17: =IF(E17=0,9,IF(E17=1,9,IF(E17=2,6,0))) -> 9 | L17: =IF(E17=0,1,0) -> 1 | M17: =IF(E17=0,46,IF(E17=1,46,IF(E17=2,44,IF(E17=3,40,IF(E17=4,32,IF(E17=5,20,0)))))) -> 46 | N17: Инеевое ядро | O17: =IF(E17=0,36,IF(E17=1,36,IF(E17=2,36,IF(E17=3,36,IF(E17=4,36,IF(E17=5,24,0))))))+IF(F17=0,31,IF(F17=1,31,IF(F17=2,31,IF(F17=3,31,IF(F17=4,31,IF(F17=5,31,IF(F17=6,31,IF(F17=7,27,IF(F17=8,21,IF(F17=9,12,0))))))))))+IF(G17=0,31,IF(G17=1,31,IF(G17=2,31,IF(G17=3,31,IF(G17=4,31,IF(G17=5,31,IF(G17=6,31,IF(G17=7,27,IF(G17=8,21,IF(G17=9,12,0))))))))))+IF(H17=0,31,IF(H17=1,31,IF(H17=2,31,IF(H17=3,31,IF(H17=4,31,IF(H17=5,31,IF(H17=6,31,IF(H17=7,27,IF(H17=8,21,IF(H17=9,12,0)))))))))) -> 129 | P17: =IF(E17=0,30,IF(E17=1,30,IF(E17=2,30,IF(E17=3,18,0))))+IF(F17=0,22,IF(F17=1,22,IF(F17=2,22,IF(F17=3,19,IF(F17=4,15,IF(F17=5,9,0))))))+IF(G17=0,31,IF(G17=1,31,IF(G17=2,31,IF(G17=3,31,IF(G17=4,31,IF(G17=5,31,0))))))+IF(H17=0,22,IF(H17=1,22,IF(H17=2,22,IF(H17=3,19,IF(H17=4,15,IF(H17=5,9,0)))))) -> 105 | Q17: =IF(E17=0,18,IF(E17=1,15,0))+IF(F17=0,6,IF(F17=1,6,0))+IF(G17=0,6,IF(G17=1,6,0))+IF(H17=0,6,IF(H17=1,6,0)) -> 36 | R17: Нектар попрыгуньи | S17: =IF(F17=0,6,IF(F17=1,6,IF(F17=2,6,IF(F17=3,6,IF(F17=4,6,IF(F17=5,6,IF(F17=6,6,IF(F17=7,5,IF(F17=8,4,IF(F17=9,2,0))))))))))+IF(G17=0,6,IF(G17=1,6,IF(G17=2,6,IF(G17=3,6,IF(G17=4,6,IF(G17=5,6,IF(G17=6,6,IF(G17=7,5,IF(G17=8,4,IF(G17=9,2,0))))))))))+IF(H17=0,6,IF(H17=1,6,IF(H17=2,6,IF(H17=3,6,IF(H17=4,6,IF(H17=5,6,IF(H17=6,6,IF(H17=7,5,IF(H17=8,4,IF(H17=9,2,0)))))))))) -> 18 | T17: Тень воина | U17: =IF(F17=10,0,1)+IF(G17=10,0,1)+IF(H17=10,0,1) -> 3 | V17: =IF(F17=0,38,IF(F17=1,38,IF(F17=2,38,IF(F17=3,38,IF(F17=4,38,IF(F17=5,38,IF(F17=6,38,IF(F17=7,34,IF(F17=8,28,IF(F17=9,16,0))))))))))+IF(G17=0,38,IF(G17=1,38,IF(G17=2,38,IF(G17=3,38,IF(G17=4,38,IF(G17=5,38,IF(G17=6,38,IF(G17=7,34,IF(G17=8,28,IF(G17=9,16,0))))))))))+IF(H17=0,38,IF(H17=1,38,IF(H17=2,38,IF(H17=3,38,IF(H17=4,38,IF(H17=5,38,IF(H17=6,38,IF(H17=7,34,IF(H17=8,28,IF(H17=9,16,0)))))))))) -> 114 | W17: =IF(F17=0,21,IF(F17=1,21,IF(F17=2,21,IF(F17=3,19,IF(F17=4,15,IF(F17=5,9,0))))))+IF(G17=0,21,IF(G17=1,21,IF(G17=2,21,IF(G17=3,19,IF(G17=4,15,IF(G17=5,21,0))))))+IF(H17=0,21,IF(H17=1,21,IF(H17=2,21,IF(H17=3,19,IF(H17=4,15,IF(H17=5,9,0)))))) -> 63 | X17: =IF(F17=0,3,IF(F17=1,3,0))+IF(G17=0,3,IF(G17=1,3,0))+IF(H17=0,3,IF(H17=1,3,0)) -> 9 | Y17: Усердие | Z17: =IF(E17=0,168,IF(E17=1,165,IF(E17=2,155,IF(E17=3,135,IF(E17=4,105,IF(E17=5,60,0)))))) -> 168 | AA17: Цветок цинсинь | AB17: 1
A18: Е Лань | B18: 5 | C18: Лиюэ | D18: Гидро | E18: 5 | F18: 1 | G18: 7 | H18: 8 | I18: =IF(E18=6,0,6) -> 6 | J18: =IF(E18=0,9,IF(E18=1,9,IF(E18=2,9,IF(E18=3,9,IF(E18=4,6,0))))) -> 0 | K18: =IF(E18=0,9,IF(E18=1,9,IF(E18=2,6,0))) -> 0 | L18: =IF(E18=0,1,0) -> 0 | M18: =IF(E18=0,46,IF(E18=1,46,IF(E18=2,44,IF(E18=3,40,IF(E18=4,32,IF(E18=5,20,0)))))) -> 20 | N18: Рунический клык | O18: =IF(E18=0,36,IF(E18=1,36,IF(E18=2,36,IF(E18=3,36,IF(E18=4,36,IF(E18=5,24,0))))))+IF(F18=0,31,IF(F18=1,31,IF(F18=2,31,IF(F18=3,31,IF(F18=4,31,IF(F18=5,31,IF(F18=6,31,IF(F18=7,27,IF(F18=8,21,IF(F18=9,12,0))))))))))+IF(G18=0,31,IF(G18=1,31,IF(G18=2,31,IF(G18=3,31,IF(G18=4,31,IF(G18=5,31,IF(G18=6,31,IF(G18=7,27,IF(G18=8,21,IF(G18=9,12,0))))))))))+IF(H18=0,31,IF(H18=1,31,IF(H18=2,31,IF(H18=3,31,IF(H18=4,31,IF(H18=5,31,IF(H18=6,31,IF(H18=7,27,IF(H18=8,21,IF(H18=9,12,0)))))))))) -> 103 | P18: =IF(E18=0,30,IF(E18=1,30,IF(E18=2,30,IF(E18=3,18,0))))+IF(F18=0,22,IF(F18=1,22,IF(F18=2,22,IF(F18=3,19,IF(F18=4,15,IF(F18=5,9,0))))))+IF(G18=0,31,IF(G18=1,31,IF(G18=2,31,IF(G18=3,31,IF(G18=4,31,IF(G18=5,31,0))))))+IF(H18=0,22,IF(H18=1,22,IF(H18=2,22,IF(H18=3,19,IF(H18=4,15,IF(H18=5,9,0)))))) -> 22 | Q18: =IF(E18=0,18,IF(E18=1,15,0))+IF(F18=0,6,IF(F18=1,6,0))+IF(G18=0,6,IF(G18=1,6,0))+IF(H18=0,6,IF(H18=1,6,0)) -> 6 | R18: Шеврон Фатуи | S18: =IF(F18=0,6,IF(F18=1,6,IF(F18=2,6,IF(F18=3,6,IF(F18=4,6,IF(F18=5,6,IF(F18=6,6,IF(F18=7,5,IF(F18=8,4,IF(F18=9,2,0))))))))))+IF(G18=0,6,IF(G18=1,6,IF(G18=2,6,IF(G18=3,6,IF(G18=4,6,IF(G18=5,6,IF(G18=6,6,IF(G18=7,5,IF(G18=8,4,IF(G18=9,2,0))))))))))+IF(H18=0,6,IF(H18=1,6,IF(H18=2,6,IF(H18=3,6,IF(H18=4,6,IF(H18=5,6,IF(H18=6,6,IF(H18=7,5,IF(H18=8,4,IF(H18=9,2,0)))))))))) -> 15 | T18: Позолоченная чешуя | U18: =IF(F18=10,0,1)+IF(G18=10,0,1)+IF(H18=10,0,1) -> 3 | V18: =IF(F18=0,38,IF(F18=1,38,IF(F18=2,38,IF(F18=3,38,IF(F18=4,38,IF(F18=5,38,IF(F18=6,38,IF(F18=7,34,IF(F18=8,28,IF(F18=9,16,0))))))))))+IF(G18=0,38,IF(G18=1,38,IF(G18=2,38,IF(G18=3,38,IF(G18=4,38,IF(G18=5,38,IF(G18=6,38,IF(G18=7,34,IF(G18=8,28,IF(G18=9,16,0))))))))))+IF(H18=0,38,IF(H18=1,38,IF(H18=2,38,IF(H18=3,38,IF(H18=4,38,IF(H18=5,38,IF(H18=6,38,IF(H18=7,34,IF(H18=8,28,IF(H18=9,16,0)))))))))) -> 100 | W18: =IF(F18=0,21,IF(F18=1,21,IF(F18=2,21,IF(F18=3,19,IF(F18=4,15,IF(F18=5,9,0))))))+IF(G18=0,21,IF(G18=1,21,IF(G18=2,21,IF(G18=3,19,IF(G18=4,15,IF(G18=5,21,0))))))+IF(H18=0,21,IF(H18=1,21,IF(H18=2,21,IF(H18=3,19,IF(H18=4,15,IF(H18=5,9,0)))))) -> 21 | X18: =IF(F18=0,3,IF(F18=1,3,0))+IF(G18=0,3,IF(G18=1,3,0))+IF(H18=0,3,IF(H18=1,3,0)) -> 3 | Y18: Процветание | Z18: =IF(E18=0,168,IF(E18=1,165,IF(E18=2,155,IF(E18=3,135,IF(E18=4,105,IF(E18=5,60,0)))))) -> 60 | AA18: Звёздная ракушка | AB18: 1
A19: Кэ Цин | B19: 5 | C19: Лиюэ | D19: Электро | E19: 3 | F19: 4 | G19: 4 | H19: 3 | I19: =IF(E19=6,0,6) -> 6 | J19: =IF(E19=0,9,IF(E19=1,9,IF(E19=2,9,IF(E19=3,9,IF(E19=4,6,0))))) -> 9 | K19: =IF(E19=0,9,IF(E19=1,9,IF(E19=2,6,0))) -> 0 | L19: =IF(E19=0,1,0) -> 0 | M19: =IF(E19=0,46,IF(E19=1,46,IF(E19=2,44,IF(E19=3,40,IF(E19=4,32,IF(E19=5,20,0)))))) -> 40 | N19: Призма молнии | O19: =IF(E19=0,36,IF(E19=1,36,IF(E19=2,36,IF(E19=3,36,IF(E19=4,36,IF(E19=5,24,0))))))+IF(F19=0,31,IF(F19=1,31,IF(F19=2,31,IF(F19=3,31,IF(F19=4,31,IF(F19=5,31,IF(F19=6,31,IF(F19=7,27,IF(F19=8,21,IF(F19=9,12,0))))))))))+IF(G19=0,31,IF(G19=1,31,IF(G19=2,31,IF(G19=3,31,IF(G19=4,31,IF(G19=5,31,IF(G19=6,31,IF(G19=7,27,IF(G19=8,21,IF(G19=9,12,0))))))))))+IF(H19=0,31,IF(H19=1,31,IF(H19=2,31,IF(H19=3,31,IF(H19=4,31,IF(H19=5,31,IF(H19=6,31,IF(H19=7,27,IF(H19=8,21,IF(H19=9,12,0)))))))))) -> 129 | P19: =IF(E19=0,30,IF(E19=1,30,IF(E19=2,30,IF(E19=3,18,0))))+IF(F19=0,22,IF(F19=1,22,IF(F19=2,22,IF(F19=3,19,IF(F19=4,15,IF(F19=5,9,0))))))+IF(G19=0,31,IF(G19=1,31,IF(G19=2,31,IF(G19=3,31,IF(G19=4,31,IF(G19=5,31,0))))))+IF(H19=0,22,IF(H19=1,22,IF(H19=2,22,IF(H19=3,19,IF(H19=4,15,IF(H19=5,9,0)))))) -> 83 | Q19: =IF(E19=0,18,IF(E19=1,15,0))+IF(F19=0,6,IF(F19=1,6,0))+IF(G19=0,6,IF(G19=1,6,0))+IF(H19=0,6,IF(H19=1,6,0)) -> 0 | R19: Нектар попрыгуньи | S19: =IF(F19=0,6,IF(F19=1,6,IF(F19=2,6,IF(F19=3,6,IF(F19=4,6,IF(F19=5,6,IF(F19=6,6,IF(F19=7,5,IF(F19=8,4,IF(F19=9,2,0))))))))))+IF(G19=0,6,IF(G19=1,6,IF(G19=2,6,IF(G19=3,6,IF(G19=4,6,IF(G19=5,6,IF(G19=6,6,IF(G19=7,5,IF(G19=8,4,IF(G19=9,2,0))))))))))+IF(H19=0,6,IF(H19=1,6,IF(H19=2,6,IF(H19=3,6,IF(H19=4,6,IF(H19=5,6,IF(H19=6,6,IF(H19=7,5,IF(H19=8,4,IF(H19=9,2,0)))))))))) -> 18 | T19: Кольцо Борея | U19: =IF(F19=10,0,1)+IF(G19=10,0,1)+IF(H19=10,0,1) -> 3 | V19: =IF(F19=0,38,IF(F19=1,38,IF(F19=2,38,IF(F19=3,38,IF(F19=4,38,IF(F19=5,38,IF(F19=6,38,IF(F19=7,34,IF(F19=8,28,IF(F19=9,16,0))))))))))+IF(G19=0,38,IF(G19=1,38,IF(G19=2,38,IF(G19=3,38,IF(G19=4,38,IF(G19=5,38,IF(G19=6,38,IF(G19=7,34,IF(G19=8,28,IF(G19=9,16,0))))))))))+IF(H19=0,38,IF(H19=1,38,IF(H19=2,38,IF(H19=3,38,IF(H19=4,38,IF(H19=5,38,IF(H19=6,38,IF(H19=7,34,IF(H19=8,28,IF(H19=9,16,0)))))))))) -> 114 | W19: =IF(F19=0,21,IF(F19=1,21,IF(F19=2,21,IF(F19=3,19,IF(F19=4,15,IF(F19=5,9,0))))))+IF(G19=0,21,IF(G19=1,21,IF(G19=2,21,IF(G19=3,19,IF(G19=4,15,IF(G19=5,21,0))))))+IF(H19=0,21,IF(H19=1,21,IF(H19=2,21,IF(H19=3,19,IF(H19=4,15,IF(H19=5,9,0)))))) -> 49 | X19: =IF(F19=0,3,IF(F19=1,3,0))+IF(G19=0,3,IF(G19=1,3,0))+IF(H19=0,3,IF(H19=1,3,0)) -> 0 | Y19: Процветание | Z19: =IF(E19=0,168,IF(E19=1,165,IF(E19=2,155,IF(E19=3,135,IF(E19=4,105,IF(E19=5,60,0)))))) -> 135 | AA19: Кор ляпис | AB19: 1
A20: Сянь Юнь | B20: 5 | C20: Лиюэ | D20: Анемо | E20: 0 | F20: 0 | G20: 0 | H20: 0 | I20: =IF(E20=6,0,6) -> 6 | J20: =IF(E20=0,9,IF(E20=1,9,IF(E20=2,9,IF(E20=3,9,IF(E20=4,6,0))))) -> 9 | K20: =IF(E20=0,9,IF(E20=1,9,IF(E20=2,6,0))) -> 9 | L20: =IF(E20=0,1,0) -> 1 | M20: =IF(E20=0,46,IF(E20=1,46,IF(E20=2,44,IF(E20=3,40,IF(E20=4,32,IF(E20=5,20,0)))))) -> 46 | N20: Облачные доспехи | O20: =IF(E20=0,36,IF(E20=1,36,IF(E20=2,36,IF(E20=3,36,IF(E20=4,36,IF(E20=5,24,0))))))+IF(F20=0,31,IF(F20=1,31,IF(F20=2,31,IF(F20=3,31,IF(F20=4,31,IF(F20=5,31,IF(F20=6,31,IF(F20=7,27,IF(F20=8,21,IF(F20=9,12,0))))))))))+IF(G20=0,31,IF(G20=1,31,IF(G20=2,31,IF(G20=3,31,IF(G20=4,31,IF(G20=5,31,IF(G20=6,31,IF(G20=7,27,IF(G20=8,21,IF(G20=9,12,0))))))))))+IF(H20=0,31,IF(H20=1,31,IF(H20=2,31,IF(H20=3,31,IF(H20=4,31,IF(H20=5,31,IF(H20=6,31,IF(H20=7,27,IF(H20=8,21,IF(H20=9,12,0)))))))))) -> 129 | P20: =IF(E20=0,30,IF(E20=1,30,IF(E20=2,30,IF(E20=3,18,0))))+IF(F20=0,22,IF(F20=1,22,IF(F20=2,22,IF(F20=3,19,IF(F20=4,15,IF(F20=5,9,0))))))+IF(G20=0,31,IF(G20=1,31,IF(G20=2,31,IF(G20=3,31,IF(G20=4,31,IF(G20=5,31,0))))))+IF(H20=0,22,IF(H20=1,22,IF(H20=2,22,IF(H20=3,19,IF(H20=4,15,IF(H20=5,9,0)))))) -> 105 | Q20: =IF(E20=0,18,IF(E20=1,15,0))+IF(F20=0,6,IF(F20=1,6,0))+IF(G20=0,6,IF(G20=1,6,0))+IF(H20=0,6,IF(H20=1,6,0)) -> 36 | R20: Свиток божественной магии | S20: =IF(F20=0,6,IF(F20=1,6,IF(F20=2,6,IF(F20=3,6,IF(F20=4,6,IF(F20=5,6,IF(F20=6,6,IF(F20=7,5,IF(F20=8,4,IF(F20=9,2,0))))))))))+IF(G20=0,6,IF(G20=1,6,IF(G20=2,6,IF(G20=3,6,IF(G20=4,6,IF(G20=5,6,IF(G20=6,6,IF(G20=7,5,IF(G20=8,4,IF(G20=9,2,0))))))))))+IF(H20=0,6,IF(H20=1,6,IF(H20=2,6,IF(H20=3,6,IF(H20=4,6,IF(H20=5,6,IF(H20=6,6,IF(H20=7,5,IF(H20=8,4,IF(H20=9,2,0)))))))))) -> 18 | T20: Тёмный глаз вихря | U20: =IF(F20=10,0,1)+IF(G20=10,0,1)+IF(H20=10,0,1) -> 3 | V20: =IF(F20=0,38,IF(F20=1,38,IF(F20=2,38,IF(F20=3,38,IF(F20=4,38,IF(F20=5,38,IF(F20=6,38,IF(F20=7,34,IF(F20=8,28,IF(F20=9,16,0))))))))))+IF(G20=0,38,IF(G20=1,38,IF(G20=2,38,IF(G20=3,38,IF(G20=4,38,IF(G20=5,38,IF(G20=6,38,IF(G20=7,34,IF(G20=8,28,IF(G20=9,16,0))))))))))+IF(H20=0,38,IF(H20=1,38,IF(H20=2,38,IF(H20=3,38,IF(H20=4,38,IF(H20=5,38,IF(H20=6,38,IF(H20=7,34,IF(H20=8,28,IF(H20=9,16,0)))))))))) -> 114 | W20: =IF(F20=0,21,IF(F20=1,21,IF(F20=2,21,IF(F20=3,19,IF(F20=4,15,IF(F20=5,9,0))))))+IF(G20=0,21,IF(G20=1,21,IF(G20=2,21,IF(G20=3,19,IF(G20=4,15,IF(G20=5,21,0))))))+IF(H20=0,21,IF(H20=1,21,IF(H20=2,21,IF(H20=3,19,IF(H20=4,15,IF(H20=5,9,0)))))) -> 63 | X20: =IF(F20=0,3,IF(F20=1,3,0))+IF(G20=0,3,IF(G20=1,3,0))+IF(H20=0,3,IF(H20=1,3,0)) -> 9 | Y20: Золото | Z20: =IF(E20=0,168,IF(E20=1,165,IF(E20=2,155,IF(E20=3,135,IF(E20=4,105,IF(E20=5,60,0)))))) -> 168 | AA20: Нефрит чистой воды | AB20: 1
A21: Сяо | B21: 5 | C21: Лиюэ | D21: Анемо | E21: 0 | F21: 0 | G21: 0 | H21: 0 | I21: =IF(E21=6,0,6) -> 6 | J21: =IF(E21=0,9,IF(E21=1,9,IF(E21=2,9,IF(E21=3,9,IF(E21=4,6,0))))) -> 9 | K21: =IF(E21=0,9,IF(E21=1,9,IF(E21=2,6,0))) -> 9 | L21: =IF(E21=0,1,0) -> 1 | M21: =IF(E21=0,46,IF(E21=1,46,IF(E21=2,44,IF(E21=3,40,IF(E21=4,32,IF(E21=5,20,0)))))) -> 46 | N21: Незрелый нефрит | O21: =IF(E21=0,36,IF(E21=1,36,IF(E21=2,36,IF(E21=3,36,IF(E21=4,36,IF(E21=5,24,0))))))+IF(F21=0,31,IF(F21=1,31,IF(F21=2,31,IF(F21=3,31,IF(F21=4,31,IF(F21=5,31,IF(F21=6,31,IF(F21=7,27,IF(F21=8,21,IF(F21=9,12,0))))))))))+IF(G21=0,31,IF(G21=1,31,IF(G21=2,31,IF(G21=3,31,IF(G21=4,31,IF(G21=5,31,IF(G21=6,31,IF(G21=7,27,IF(G21=8,21,IF(G21=9,12,0))))))))))+IF(H21=0,31,IF(H21=1,31,IF(H21=2,31,IF(H21=3,31,IF(H21=4,31,IF(H21=5,31,IF(H21=6,31,IF(H21=7,27,IF(H21=8,21,IF(H21=9,12,0)))))))))) -> 129 | P21: =IF(E21=0,30,IF(E21=1,30,IF(E21=2,30,IF(E21=3,18,0))))+IF(F21=0,22,IF(F21=1,22,IF(F21=2,22,IF(F21=3,19,IF(F21=4,15,IF(F21=5,9,0))))))+IF(G21=0,31,IF(G21=1,31,IF(G21=2,31,IF(G21=3,31,IF(G21=4,31,IF(G21=5,31,0))))))+IF(H21=0,22,IF(H21=1,22,IF(H21=2,22,IF(H21=3,19,IF(H21=4,15,IF(H21=5,9,0)))))) -> 105 | Q21: =IF(E21=0,18,IF(E21=1,15,0))+IF(F21=0,6,IF(F21=1,6,0))+IF(G21=0,6,IF(G21=1,6,0))+IF(H21=0,6,IF(H21=1,6,0)) -> 36 | R21: Слизь слайма | S21: =IF(F21=0,6,IF(F21=1,6,IF(F21=2,6,IF(F21=3,6,IF(F21=4,6,IF(F21=5,6,IF(F21=6,6,IF(F21=7,5,IF(F21=8,4,IF(F21=9,2,0))))))))))+IF(G21=0,6,IF(G21=1,6,IF(G21=2,6,IF(G21=3,6,IF(G21=4,6,IF(G21=5,6,IF(G21=6,6,IF(G21=7,5,IF(G21=8,4,IF(G21=9,2,0))))))))))+IF(H21=0,6,IF(H21=1,6,IF(H21=2,6,IF(H21=3,6,IF(H21=4,6,IF(H21=5,6,IF(H21=6,6,IF(H21=7,5,IF(H21=8,4,IF(H21=9,2,0)))))))))) -> 18 | T21: Тень воина | U21: =IF(F21=10,0,1)+IF(G21=10,0,1)+IF(H21=10,0,1) -> 3 | V21: =IF(F21=0,38,IF(F21=1,38,IF(F21=2,38,IF(F21=3,38,IF(F21=4,38,IF(F21=5,38,IF(F21=6,38,IF(F21=7,34,IF(F21=8,28,IF(F21=9,16,0))))))))))+IF(G21=0,38,IF(G21=1,38,IF(G21=2,38,IF(G21=3,38,IF(G21=4,38,IF(G21=5,38,IF(G21=6,38,IF(G21=7,34,IF(G21=8,28,IF(G21=9,16,0))))))))))+IF(H21=0,38,IF(H21=1,38,IF(H21=2,38,IF(H21=3,38,IF(H21=4,38,IF(H21=5,38,IF(H21=6,38,IF(H21=7,34,IF(H21=8,28,IF(H21=9,16,0)))))))))) -> 114 | W21: =IF(F21=0,21,IF(F21=1,21,IF(F21=2,21,IF(F21=3,19,IF(F21=4,15,IF(F21=5,9,0))))))+IF(G21=0,21,IF(G21=1,21,IF(G21=2,21,IF(G21=3,19,IF(G21=4,15,IF(G21=5,21,0))))))+IF(H21=0,21,IF(H21=1,21,IF(H21=2,21,IF(H21=3,19,IF(H21=4,15,IF(H21=5,9,0)))))) -> 63 | X21: =IF(F21=0,3,IF(F21=1,3,0))+IF(G21=0,3,IF(G21=1,3,0))+IF(H21=0,3,IF(H21=1,3,0)) -> 9 | Y21: Процветание | Z21: =IF(E21=0,168,IF(E21=1,165,IF(E21=2,155,IF(E21=3,135,IF(E21=4,105,IF(E21=5,60,0)))))) -> 168 | AA21: Цветок цинсинь | AB21: 1
A22: Тарталья | B22: 5 | C22: Лиюэ | D22: Гидро | E22: 6 | F22: 6 | G22: 7 | H22: 8 | I22: =IF(E22=6,0,6) -> 0 | J22: =IF(E22=0,9,IF(E22=1,9,IF(E22=2,9,IF(E22=3,9,IF(E22=4,6,0))))) -> 0 | K22: =IF(E22=0,9,IF(E22=1,9,IF(E22=2,6,0))) -> 0 | L22: =IF(E22=0,1,0) -> 0 | M22: =IF(E22=0,46,IF(E22=1,46,IF(E22=2,44,IF(E22=3,40,IF(E22=4,32,IF(E22=5,20,0)))))) -> 0 | N22: Очищающее сердце | O22: =IF(E22=0,36,IF(E22=1,36,IF(E22=2,36,IF(E22=3,36,IF(E22=4,36,IF(E22=5,24,0))))))+IF(F22=0,31,IF(F22=1,31,IF(F22=2,31,IF(F22=3,31,IF(F22=4,31,IF(F22=5,31,IF(F22=6,31,IF(F22=7,27,IF(F22=8,21,IF(F22=9,12,0))))))))))+IF(G22=0,31,IF(G22=1,31,IF(G22=2,31,IF(G22=3,31,IF(G22=4,31,IF(G22=5,31,IF(G22=6,31,IF(G22=7,27,IF(G22=8,21,IF(G22=9,12,0))))))))))+IF(H22=0,31,IF(H22=1,31,IF(H22=2,31,IF(H22=3,31,IF(H22=4,31,IF(H22=5,31,IF(H22=6,31,IF(H22=7,27,IF(H22=8,21,IF(H22=9,12,0)))))))))) -> 79 | P22: =IF(E22=0,30,IF(E22=1,30,IF(E22=2,30,IF(E22=3,18,0))))+IF(F22=0,22,IF(F22=1,22,IF(F22=2,22,IF(F22=3,19,IF(F22=4,15,IF(F22=5,9,0))))))+IF(G22=0,31,IF(G22=1,31,IF(G22=2,31,IF(G22=3,31,IF(G22=4,31,IF(G22=5,31,0))))))+IF(H22=0,22,IF(H22=1,22,IF(H22=2,22,IF(H22=3,19,IF(H22=4,15,IF(H22=5,9,0)))))) -> 0 | Q22: =IF(E22=0,18,IF(E22=1,15,0))+IF(F22=0,6,IF(F22=1,6,0))+IF(G22=0,6,IF(G22=1,6,0))+IF(H22=0,6,IF(H22=1,6,0)) -> 0 | R22: Шеврон Фатуи | S22: =IF(F22=0,6,IF(F22=1,6,IF(F22=2,6,IF(F22=3,6,IF(F22=4,6,IF(F22=5,6,IF(F22=6,6,IF(F22=7,5,IF(F22=8,4,IF(F22=9,2,0))))))))))+IF(G22=0,6,IF(G22=1,6,IF(G22=2,6,IF(G22=3,6,IF(G22=4,6,IF(G22=5,6,IF(G22=6,6,IF(G22=7,5,IF(G22=8,4,IF(G22=9,2,0))))))))))+IF(H22=0,6,IF(H22=1,6,IF(H22=2,6,IF(H22=3,6,IF(H22=4,6,IF(H22=5,6,IF(H22=6,6,IF(H22=7,5,IF(H22=8,4,IF(H22=9,2,0)))))))))) -> 15 | T22: Осколок дьявольского меча | U22: =IF(F22=10,0,1)+IF(G22=10,0,1)+IF(H22=10,0,1) -> 3 | V22: =IF(F22=0,38,IF(F22=1,38,IF(F22=2,38,IF(F22=3,38,IF(F22=4,38,IF(F22=5,38,IF(F22=6,38,IF(F22=7,34,IF(F22=8,28,IF(F22=9,16,0))))))))))+IF(G22=0,38,IF(G22=1,38,IF(G22=2,38,IF(G22=3,38,IF(G22=4,38,IF(G22=5,38,IF(G22=6,38,IF(G22=7,34,IF(G22=8,28,IF(G22=9,16,0))))))))))+IF(H22=0,38,IF(H22=1,38,IF(H22=2,38,IF(H22=3,38,IF(H22=4,38,IF(H22=5,38,IF(H22=6,38,IF(H22=7,34,IF(H22=8,28,IF(H22=9,16,0)))))))))) -> 100 | W22: =IF(F22=0,21,IF(F22=1,21,IF(F22=2,21,IF(F22=3,19,IF(F22=4,15,IF(F22=5,9,0))))))+IF(G22=0,21,IF(G22=1,21,IF(G22=2,21,IF(G22=3,19,IF(G22=4,15,IF(G22=5,21,0))))))+IF(H22=0,21,IF(H22=1,21,IF(H22=2,21,IF(H22=3,19,IF(H22=4,15,IF(H22=5,9,0)))))) -> 0 | X22: =IF(F22=0,3,IF(F22=1,3,0))+IF(G22=0,3,IF(G22=1,3,0))+IF(H22=0,3,IF(H22=1,3,0)) -> 0 | Y22: Свобода | Z22: =IF(E22=0,168,IF(E22=1,165,IF(E22=2,155,IF(E22=3,135,IF(E22=4,105,IF(E22=5,60,0)))))) -> 0 | AA22: Звёздная ракушка | AB22: 1
A23: Ху Тао | B23: 5 | C23: Лиюэ | D23: Пиро | E23: 0 | F23: 0 | G23: 0 | H23: 0 | I23: =IF(E23=6,0,6) -> 6 | J23: =IF(E23=0,9,IF(E23=1,9,IF(E23=2,9,IF(E23=3,9,IF(E23=4,6,0))))) -> 9 | K23: =IF(E23=0,9,IF(E23=1,9,IF(E23=2,6,0))) -> 9 | L23: =IF(E23=0,1,0) -> 1 | M23: =IF(E23=0,46,IF(E23=1,46,IF(E23=2,44,IF(E23=3,40,IF(E23=4,32,IF(E23=5,20,0)))))) -> 46 | N23: Незрелый нефрит | O23: =IF(E23=0,36,IF(E23=1,36,IF(E23=2,36,IF(E23=3,36,IF(E23=4,36,IF(E23=5,24,0))))))+IF(F23=0,31,IF(F23=1,31,IF(F23=2,31,IF(F23=3,31,IF(F23=4,31,IF(F23=5,31,IF(F23=6,31,IF(F23=7,27,IF(F23=8,21,IF(F23=9,12,0))))))))))+IF(G23=0,31,IF(G23=1,31,IF(G23=2,31,IF(G23=3,31,IF(G23=4,31,IF(G23=5,31,IF(G23=6,31,IF(G23=7,27,IF(G23=8,21,IF(G23=9,12,0))))))))))+IF(H23=0,31,IF(H23=1,31,IF(H23=2,31,IF(H23=3,31,IF(H23=4,31,IF(H23=5,31,IF(H23=6,31,IF(H23=7,27,IF(H23=8,21,IF(H23=9,12,0)))))))))) -> 129 | P23: =IF(E23=0,30,IF(E23=1,30,IF(E23=2,30,IF(E23=3,18,0))))+IF(F23=0,22,IF(F23=1,22,IF(F23=2,22,IF(F23=3,19,IF(F23=4,15,IF(F23=5,9,0))))))+IF(G23=0,31,IF(G23=1,31,IF(G23=2,31,IF(G23=3,31,IF(G23=4,31,IF(G23=5,31,0))))))+IF(H23=0,22,IF(H23=1,22,IF(H23=2,22,IF(H23=3,19,IF(H23=4,15,IF(H23=5,9,0)))))) -> 105 | Q23: =IF(E23=0,18,IF(E23=1,15,0))+IF(F23=0,6,IF(F23=1,6,0))+IF(G23=0,6,IF(G23=1,6,0))+IF(H23=0,6,IF(H23=1,6,0)) -> 36 | R23: Нектар попрыгуньи | S23: =IF(F23=0,6,IF(F23=1,6,IF(F23=2,6,IF(F23=3,6,IF(F23=4,6,IF(F23=5,6,IF(F23=6,6,IF(F23=7,5,IF(F23=8,4,IF(F23=9,2,0))))))))))+IF(G23=0,6,IF(G23=1,6,IF(G23=2,6,IF(G23=3,6,IF(G23=4,6,IF(G23=5,6,IF(G23=6,6,IF(G23=7,5,IF(G23=8,4,IF(G23=9,2,0))))))))))+IF(H23=0,6,IF(H23=1,6,IF(H23=2,6,IF(H23=3,6,IF(H23=4,6,IF(H23=5,6,IF(H23=6,6,IF(H23=7,5,IF(H23=8,4,IF(H23=9,2,0)))))))))) -> 18 | T23: Осколок дьявольского меча | U23: =IF(F23=10,0,1)+IF(G23=10,0,1)+IF(H23=10,0,1) -> 3 | V23: =IF(F23=0,38,IF(F23=1,38,IF(F23=2,38,IF(F23=3,38,IF(F23=4,38,IF(F23=5,38,IF(F23=6,38,IF(F23=7,34,IF(F23=8,28,IF(F23=9,16,0))))))))))+IF(G23=0,38,IF(G23=1,38,IF(G23=2,38,IF(G23=3,38,IF(G23=4,38,IF(G23=5,38,IF(G23=6,38,IF(G23=7,34,IF(G23=8,28,IF(G23=9,16,0))))))))))+IF(H23=0,38,IF(H23=1,38,IF(H23=2,38,IF(H23=3,38,IF(H23=4,38,IF(H23=5,38,IF(H23=6,38,IF(H23=7,34,IF(H23=8,28,IF(H23=9,16,0)))))))))) -> 114 | W23: =IF(F23=0,21,IF(F23=1,21,IF(F23=2,21,IF(F23=3,19,IF(F23=4,15,IF(F23=5,9,0))))))+IF(G23=0,21,IF(G23=1,21,IF(G23=2,21,IF(G23=3,19,IF(G23=4,15,IF(G23=5,21,0))))))+IF(H23=0,21,IF(H23=1,21,IF(H23=2,21,IF(H23=3,19,IF(H23=4,15,IF(H23=5,9,0)))))) -> 63 | X23: =IF(F23=0,3,IF(F23=1,3,0))+IF(G23=0,3,IF(G23=1,3,0))+IF(H23=0,3,IF(H23=1,3,0)) -> 9 | Y23: Усердие | Z23: =IF(E23=0,168,IF(E23=1,165,IF(E23=2,155,IF(E23=3,135,IF(E23=4,105,IF(E23=5,60,0)))))) -> 168 | AA23: Шелковица | AB23: 1
A24: Ци Ци | B24: 5 | C24: Лиюэ | D24: Крио | E24: 4 | F24: 6 | G24: 4 | H24: 2 | I24: =IF(E24=6,0,6) -> 6 | J24: =IF(E24=0,9,IF(E24=1,9,IF(E24=2,9,IF(E24=3,9,IF(E24=4,6,0))))) -> 6 | K24: =IF(E24=0,9,IF(E24=1,9,IF(E24=2,6,0))) -> 0 | L24: =IF(E24=0,1,0) -> 0 | M24: =IF(E24=0,46,IF(E24=1,46,IF(E24=2,44,IF(E24=3,40,IF(E24=4,32,IF(E24=5,20,0)))))) -> 32 | N24: Инеевое ядро | O24: =IF(E24=0,36,IF(E24=1,36,IF(E24=2,36,IF(E24=3,36,IF(E24=4,36,IF(E24=5,24,0))))))+IF(F24=0,31,IF(F24=1,31,IF(F24=2,31,IF(F24=3,31,IF(F24=4,31,IF(F24=5,31,IF(F24=6,31,IF(F24=7,27,IF(F24=8,21,IF(F24=9,12,0))))))))))+IF(G24=0,31,IF(G24=1,31,IF(G24=2,31,IF(G24=3,31,IF(G24=4,31,IF(G24=5,31,IF(G24=6,31,IF(G24=7,27,IF(G24=8,21,IF(G24=9,12,0))))))))))+IF(H24=0,31,IF(H24=1,31,IF(H24=2,31,IF(H24=3,31,IF(H24=4,31,IF(H24=5,31,IF(H24=6,31,IF(H24=7,27,IF(H24=8,21,IF(H24=9,12,0)))))))))) -> 129 | P24: =IF(E24=0,30,IF(E24=1,30,IF(E24=2,30,IF(E24=3,18,0))))+IF(F24=0,22,IF(F24=1,22,IF(F24=2,22,IF(F24=3,19,IF(F24=4,15,IF(F24=5,9,0))))))+IF(G24=0,31,IF(G24=1,31,IF(G24=2,31,IF(G24=3,31,IF(G24=4,31,IF(G24=5,31,0))))))+IF(H24=0,22,IF(H24=1,22,IF(H24=2,22,IF(H24=3,19,IF(H24=4,15,IF(H24=5,9,0)))))) -> 53 | Q24: =IF(E24=0,18,IF(E24=1,15,0))+IF(F24=0,6,IF(F24=1,6,0))+IF(G24=0,6,IF(G24=1,6,0))+IF(H24=0,6,IF(H24=1,6,0)) -> 0 | R24: Свиток божественной магии | S24: =IF(F24=0,6,IF(F24=1,6,IF(F24=2,6,IF(F24=3,6,IF(F24=4,6,IF(F24=5,6,IF(F24=6,6,IF(F24=7,5,IF(F24=8,4,IF(F24=9,2,0))))))))))+IF(G24=0,6,IF(G24=1,6,IF(G24=2,6,IF(G24=3,6,IF(G24=4,6,IF(G24=5,6,IF(G24=6,6,IF(G24=7,5,IF(G24=8,4,IF(G24=9,2,0))))))))))+IF(H24=0,6,IF(H24=1,6,IF(H24=2,6,IF(H24=3,6,IF(H24=4,6,IF(H24=5,6,IF(H24=6,6,IF(H24=7,5,IF(H24=8,4,IF(H24=9,2,0)))))))))) -> 18 | T24: Хвост Борея | U24: =IF(F24=10,0,1)+IF(G24=10,0,1)+IF(H24=10,0,1) -> 3 | V24: =IF(F24=0,38,IF(F24=1,38,IF(F24=2,38,IF(F24=3,38,IF(F24=4,38,IF(F24=5,38,IF(F24=6,38,IF(F24=7,34,IF(F24=8,28,IF(F24=9,16,0))))))))))+IF(G24=0,38,IF(G24=1,38,IF(G24=2,38,IF(G24=3,38,IF(G24=4,38,IF(G24=5,38,IF(G24=6,38,IF(G24=7,34,IF(G24=8,28,IF(G24=9,16,0))))))))))+IF(H24=0,38,IF(H24=1,38,IF(H24=2,38,IF(H24=3,38,IF(H24=4,38,IF(H24=5,38,IF(H24=6,38,IF(H24=7,34,IF(H24=8,28,IF(H24=9,16,0)))))))))) -> 114 | W24: =IF(F24=0,21,IF(F24=1,21,IF(F24=2,21,IF(F24=3,19,IF(F24=4,15,IF(F24=5,9,0))))))+IF(G24=0,21,IF(G24=1,21,IF(G24=2,21,IF(G24=3,19,IF(G24=4,15,IF(G24=5,21,0))))))+IF(H24=0,21,IF(H24=1,21,IF(H24=2,21,IF(H24=3,19,IF(H24=4,15,IF(H24=5,9,0)))))) -> 36 | X24: =IF(F24=0,3,IF(F24=1,3,0))+IF(G24=0,3,IF(G24=1,3,0))+IF(H24=0,3,IF(H24=1,3,0)) -> 0 | Y24: Процветание | Z24: =IF(E24=0,168,IF(E24=1,165,IF(E24=2,155,IF(E24=3,135,IF(E24=4,105,IF(E24=5,60,0)))))) -> 105 | AA24: Стеклянные колокольчики
A25: Чжун Ли | B25: 5 | C25: Лиюэ | D25: Гео | E25: 6 | F25: 2 | G25: 9 | H25: 5 | I25: =IF(E25=6,0,6) -> 0 | J25: =IF(E25=0,9,IF(E25=1,9,IF(E25=2,9,IF(E25=3,9,IF(E25=4,6,0))))) -> 0 | K25: =IF(E25=0,9,IF(E25=1,9,IF(E25=2,6,0))) -> 0 | L25: =IF(E25=0,1,0) -> 0 | M25: =IF(E25=0,46,IF(E25=1,46,IF(E25=2,44,IF(E25=3,40,IF(E25=4,32,IF(E25=5,20,0)))))) -> 0 | N25: Базальтовая колонна | O25: =IF(E25=0,36,IF(E25=1,36,IF(E25=2,36,IF(E25=3,36,IF(E25=4,36,IF(E25=5,24,0))))))+IF(F25=0,31,IF(F25=1,31,IF(F25=2,31,IF(F25=3,31,IF(F25=4,31,IF(F25=5,31,IF(F25=6,31,IF(F25=7,27,IF(F25=8,21,IF(F25=9,12,0))))))))))+IF(G25=0,31,IF(G25=1,31,IF(G25=2,31,IF(G25=3,31,IF(G25=4,31,IF(G25=5,31,IF(G25=6,31,IF(G25=7,27,IF(G25=8,21,IF(G25=9,12,0))))))))))+IF(H25=0,31,IF(H25=1,31,IF(H25=2,31,IF(H25=3,31,IF(H25=4,31,IF(H25=5,31,IF(H25=6,31,IF(H25=7,27,IF(H25=8,21,IF(H25=9,12,0)))))))))) -> 74 | P25: =IF(E25=0,30,IF(E25=1,30,IF(E25=2,30,IF(E25=3,18,0))))+IF(F25=0,22,IF(F25=1,22,IF(F25=2,22,IF(F25=3,19,IF(F25=4,15,IF(F25=5,9,0))))))+IF(G25=0,31,IF(G25=1,31,IF(G25=2,31,IF(G25=3,31,IF(G25=4,31,IF(G25=5,31,0))))))+IF(H25=0,22,IF(H25=1,22,IF(H25=2,22,IF(H25=3,19,IF(H25=4,15,IF(H25=5,9,0)))))) -> 31 | Q25: =IF(E25=0,18,IF(E25=1,15,0))+IF(F25=0,6,IF(F25=1,6,0))+IF(G25=0,6,IF(G25=1,6,0))+IF(H25=0,6,IF(H25=1,6,0)) -> 0 | R25: Слизь слайма | S25: =IF(F25=0,6,IF(F25=1,6,IF(F25=2,6,IF(F25=3,6,IF(F25=4,6,IF(F25=5,6,IF(F25=6,6,IF(F25=7,5,IF(F25=8,4,IF(F25=9,2,0))))))))))+IF(G25=0,6,IF(G25=1,6,IF(G25=2,6,IF(G25=3,6,IF(G25=4,6,IF(G25=5,6,IF(G25=6,6,IF(G25=7,5,IF(G25=8,4,IF(G25=9,2,0))))))))))+IF(H25=0,6,IF(H25=1,6,IF(H25=2,6,IF(H25=3,6,IF(H25=4,6,IF(H25=5,6,IF(H25=6,6,IF(H25=7,5,IF(H25=8,4,IF(H25=9,2,0)))))))))) -> 14 | T25: Рог небесного кита | U25: =IF(F25=10,0,1)+IF(G25=10,0,1)+IF(H25=10,0,1) -> 3 | V25: =IF(F25=0,38,IF(F25=1,38,IF(F25=2,38,IF(F25=3,38,IF(F25=4,38,IF(F25=5,38,IF(F25=6,38,IF(F25=7,34,IF(F25=8,28,IF(F25=9,16,0))))))))))+IF(G25=0,38,IF(G25=1,38,IF(G25=2,38,IF(G25=3,38,IF(G25=4,38,IF(G25=5,38,IF(G25=6,38,IF(G25=7,34,IF(G25=8,28,IF(G25=9,16,0))))))))))+IF(H25=0,38,IF(H25=1,38,IF(H25=2,38,IF(H25=3,38,IF(H25=4,38,IF(H25=5,38,IF(H25=6,38,IF(H25=7,34,IF(H25=8,28,IF(H25=9,16,0)))))))))) -> 92 | W25: =IF(F25=0,21,IF(F25=1,21,IF(F25=2,21,IF(F25=3,19,IF(F25=4,15,IF(F25=5,9,0))))))+IF(G25=0,21,IF(G25=1,21,IF(G25=2,21,IF(G25=3,19,IF(G25=4,15,IF(G25=5,21,0))))))+IF(H25=0,21,IF(H25=1,21,IF(H25=2,21,IF(H25=3,19,IF(H25=4,15,IF(H25=5,9,0)))))) -> 30 | X25: =IF(F25=0,3,IF(F25=1,3,0))+IF(G25=0,3,IF(G25=1,3,0))+IF(H25=0,3,IF(H25=1,3,0)) -> 0 | Y25: Золото | Z25: =IF(E25=0,168,IF(E25=1,165,IF(E25=2,155,IF(E25=3,135,IF(E25=4,105,IF(E25=5,60,0)))))) -> 0 | AA25: Кор ляпис | AB25: 1
A26: Шэнь Хэ | B26: 5 | C26: Лиюэ | D26: Крио | E26: 0 | F26: 0 | G26: 0 | H26: 0 | I26: =IF(E26=6,0,6) -> 6 | J26: =IF(E26=0,9,IF(E26=1,9,IF(E26=2,9,IF(E26=3,9,IF(E26=4,6,0))))) -> 9 | K26: =IF(E26=0,9,IF(E26=1,9,IF(E26=2,6,0))) -> 9 | L26: =IF(E26=0,1,0) -> 1 | M26: =IF(E26=0,46,IF(E26=1,46,IF(E26=2,44,IF(E26=3,40,IF(E26=4,32,IF(E26=5,20,0)))))) -> 46 | N26: Ложный плавник Дракона глубин | O26: =IF(E26=0,36,IF(E26=1,36,IF(E26=2,36,IF(E26=3,36,IF(E26=4,36,IF(E26=5,24,0))))))+IF(F26=0,31,IF(F26=1,31,IF(F26=2,31,IF(F26=3,31,IF(F26=4,31,IF(F26=5,31,IF(F26=6,31,IF(F26=7,27,IF(F26=8,21,IF(F26=9,12,0))))))))))+IF(G26=0,31,IF(G26=1,31,IF(G26=2,31,IF(G26=3,31,IF(G26=4,31,IF(G26=5,31,IF(G26=6,31,IF(G26=7,27,IF(G26=8,21,IF(G26=9,12,0))))))))))+IF(H26=0,31,IF(H26=1,31,IF(H26=2,31,IF(H26=3,31,IF(H26=4,31,IF(H26=5,31,IF(H26=6,31,IF(H26=7,27,IF(H26=8,21,IF(H26=9,12,0)))))))))) -> 129 | P26: =IF(E26=0,30,IF(E26=1,30,IF(E26=2,30,IF(E26=3,18,0))))+IF(F26=0,22,IF(F26=1,22,IF(F26=2,22,IF(F26=3,19,IF(F26=4,15,IF(F26=5,9,0))))))+IF(G26=0,31,IF(G26=1,31,IF(G26=2,31,IF(G26=3,31,IF(G26=4,31,IF(G26=5,31,0))))))+IF(H26=0,22,IF(H26=1,22,IF(H26=2,22,IF(H26=3,19,IF(H26=4,15,IF(H26=5,9,0)))))) -> 105 | Q26: =IF(E26=0,18,IF(E26=1,15,0))+IF(F26=0,6,IF(F26=1,6,0))+IF(G26=0,6,IF(G26=1,6,0))+IF(H26=0,6,IF(H26=1,6,0)) -> 36 | R26: Нектар попрыгуньи | S26: =IF(F26=0,6,IF(F26=1,6,IF(F26=2,6,IF(F26=3,6,IF(F26=4,6,IF(F26=5,6,IF(F26=6,6,IF(F26=7,5,IF(F26=8,4,IF(F26=9,2,0))))))))))+IF(G26=0,6,IF(G26=1,6,IF(G26=2,6,IF(G26=3,6,IF(G26=4,6,IF(G26=5,6,IF(G26=6,6,IF(G26=7,5,IF(G26=8,4,IF(G26=9,2,0))))))))))+IF(H26=0,6,IF(H26=1,6,IF(H26=2,6,IF(H26=3,6,IF(H26=4,6,IF(H26=5,6,IF(H26=6,6,IF(H26=7,5,IF(H26=8,4,IF(H26=9,2,0)))))))))) -> 18 | T26: Бабочка адского пламени | U26: =IF(F26=10,0,1)+IF(G26=10,0,1)+IF(H26=10,0,1) -> 3 | V26: =IF(F26=0,38,IF(F26=1,38,IF(F26=2,38,IF(F26=3,38,IF(F26=4,38,IF(F26=5,38,IF(F26=6,38,IF(F26=7,34,IF(F26=8,28,IF(F26=9,16,0))))))))))+IF(G26=0,38,IF(G26=1,38,IF(G26=2,38,IF(G26=3,38,IF(G26=4,38,IF(G26=5,38,IF(G26=6,38,IF(G26=7,34,IF(G26=8,28,IF(G26=9,16,0))))))))))+IF(H26=0,38,IF(H26=1,38,IF(H26=2,38,IF(H26=3,38,IF(H26=4,38,IF(H26=5,38,IF(H26=6,38,IF(H26=7,34,IF(H26=8,28,IF(H26=9,16,0)))))))))) -> 114 | W26: =IF(F26=0,21,IF(F26=1,21,IF(F26=2,21,IF(F26=3,19,IF(F26=4,15,IF(F26=5,9,0))))))+IF(G26=0,21,IF(G26=1,21,IF(G26=2,21,IF(G26=3,19,IF(G26=4,15,IF(G26=5,21,0))))))+IF(H26=0,21,IF(H26=1,21,IF(H26=2,21,IF(H26=3,19,IF(H26=4,15,IF(H26=5,9,0)))))) -> 63 | X26: =IF(F26=0,3,IF(F26=1,3,0))+IF(G26=0,3,IF(G26=1,3,0))+IF(H26=0,3,IF(H26=1,3,0)) -> 9 | Y26: Процветание | Z26: =IF(E26=0,168,IF(E26=1,165,IF(E26=2,155,IF(E26=3,135,IF(E26=4,105,IF(E26=5,60,0)))))) -> 168 | AA26: Цветок цинсинь | AB26: 1
A27: Бэй Доу | B27: 4 | C27: Лиюэ | D27: Электро | E27: 6 | F27: 6 | G27: 8 | H27: 6 | I27: =IF(E27=6,0,6) -> 0 | J27: =IF(E27=0,9,IF(E27=1,9,IF(E27=2,9,IF(E27=3,9,IF(E27=4,6,0))))) -> 0 | K27: =IF(E27=0,9,IF(E27=1,9,IF(E27=2,6,0))) -> 0 | L27: =IF(E27=0,1,0) -> 0 | M27: =IF(E27=0,46,IF(E27=1,46,IF(E27=2,44,IF(E27=3,40,IF(E27=4,32,IF(E27=5,20,0)))))) -> 0 | N27: Призма молнии | O27: =IF(E27=0,36,IF(E27=1,36,IF(E27=2,36,IF(E27=3,36,IF(E27=4,36,IF(E27=5,24,0))))))+IF(F27=0,31,IF(F27=1,31,IF(F27=2,31,IF(F27=3,31,IF(F27=4,31,IF(F27=5,31,IF(F27=6,31,IF(F27=7,27,IF(F27=8,21,IF(F27=9,12,0))))))))))+IF(G27=0,31,IF(G27=1,31,IF(G27=2,31,IF(G27=3,31,IF(G27=4,31,IF(G27=5,31,IF(G27=6,31,IF(G27=7,27,IF(G27=8,21,IF(G27=9,12,0))))))))))+IF(H27=0,31,IF(H27=1,31,IF(H27=2,31,IF(H27=3,31,IF(H27=4,31,IF(H27=5,31,IF(H27=6,31,IF(H27=7,27,IF(H27=8,21,IF(H27=9,12,0)))))))))) -> 83 | P27: =IF(E27=0,30,IF(E27=1,30,IF(E27=2,30,IF(E27=3,18,0))))+IF(F27=0,22,IF(F27=1,22,IF(F27=2,22,IF(F27=3,19,IF(F27=4,15,IF(F27=5,9,0))))))+IF(G27=0,31,IF(G27=1,31,IF(G27=2,31,IF(G27=3,31,IF(G27=4,31,IF(G27=5,31,0))))))+IF(H27=0,22,IF(H27=1,22,IF(H27=2,22,IF(H27=3,19,IF(H27=4,15,IF(H27=5,9,0)))))) -> 0 | Q27: =IF(E27=0,18,IF(E27=1,15,0))+IF(F27=0,6,IF(F27=1,6,0))+IF(G27=0,6,IF(G27=1,6,0))+IF(H27=0,6,IF(H27=1,6,0)) -> 0 | R27: Печать Похитителей сокровищ | S27: =IF(F27=0,6,IF(F27=1,6,IF(F27=2,6,IF(F27=3,6,IF(F27=4,6,IF(F27=5,6,IF(F27=6,6,IF(F27=7,5,IF(F27=8,4,IF(F27=9,2,0))))))))))+IF(G27=0,6,IF(G27=1,6,IF(G27=2,6,IF(G27=3,6,IF(G27=4,6,IF(G27=5,6,IF(G27=6,6,IF(G27=7,5,IF(G27=8,4,IF(G27=9,2,0))))))))))+IF(H27=0,6,IF(H27=1,6,IF(H27=2,6,IF(H27=3,6,IF(H27=4,6,IF(H27=5,6,IF(H27=6,6,IF(H27=7,5,IF(H27=8,4,IF(H27=9,2,0)))))))))) -> 16 | T27: Вздох Двалина | U27: =IF(F27=10,0,1)+IF(G27=10,0,1)+IF(H27=10,0,1) -> 3 | V27: =IF(F27=0,38,IF(F27=1,38,IF(F27=2,38,IF(F27=3,38,IF(F27=4,38,IF(F27=5,38,IF(F27=6,38,IF(F27=7,34,IF(F27=8,28,IF(F27=9,16,0))))))))))+IF(G27=0,38,IF(G27=1,38,IF(G27=2,38,IF(G27=3,38,IF(G27=4,38,IF(G27=5,38,IF(G27=6,38,IF(G27=7,34,IF(G27=8,28,IF(G27=9,16,0))))))))))+IF(H27=0,38,IF(H27=1,38,IF(H27=2,38,IF(H27=3,38,IF(H27=4,38,IF(H27=5,38,IF(H27=6,38,IF(H27=7,34,IF(H27=8,28,IF(H27=9,16,0)))))))))) -> 104 | W27: =IF(F27=0,21,IF(F27=1,21,IF(F27=2,21,IF(F27=3,19,IF(F27=4,15,IF(F27=5,9,0))))))+IF(G27=0,21,IF(G27=1,21,IF(G27=2,21,IF(G27=3,19,IF(G27=4,15,IF(G27=5,21,0))))))+IF(H27=0,21,IF(H27=1,21,IF(H27=2,21,IF(H27=3,19,IF(H27=4,15,IF(H27=5,9,0)))))) -> 0 | X27: =IF(F27=0,3,IF(F27=1,3,0))+IF(G27=0,3,IF(G27=1,3,0))+IF(H27=0,3,IF(H27=1,3,0)) -> 0 | Y27: Золото | Z27: =IF(E27=0,168,IF(E27=1,165,IF(E27=2,155,IF(E27=3,135,IF(E27=4,105,IF(E27=5,60,0)))))) -> 0 | AA27: Полуночный нефрит | AB27: 1
A28: Ка Мин | B28: 4 | C28: Лиюэ | D28: Пиро | E28: 1 | F28: 1 | G28: 1 | H28: 1 | I28: =IF(E28=6,0,6) -> 6 | J28: =IF(E28=0,9,IF(E28=1,9,IF(E28=2,9,IF(E28=3,9,IF(E28=4,6,0))))) -> 9 | K28: =IF(E28=0,9,IF(E28=1,9,IF(E28=2,6,0))) -> 9 | L28: =IF(E28=0,1,0) -> 0 | M28: =IF(E28=0,46,IF(E28=1,46,IF(E28=2,44,IF(E28=3,40,IF(E28=4,32,IF(E28=5,20,0)))))) -> 46 | N28: Приговор императора | O28: =IF(E28=0,36,IF(E28=1,36,IF(E28=2,36,IF(E28=3,36,IF(E28=4,36,IF(E28=5,24,0))))))+IF(F28=0,31,IF(F28=1,31,IF(F28=2,31,IF(F28=3,31,IF(F28=4,31,IF(F28=5,31,IF(F28=6,31,IF(F28=7,27,IF(F28=8,21,IF(F28=9,12,0))))))))))+IF(G28=0,31,IF(G28=1,31,IF(G28=2,31,IF(G28=3,31,IF(G28=4,31,IF(G28=5,31,IF(G28=6,31,IF(G28=7,27,IF(G28=8,21,IF(G28=9,12,0))))))))))+IF(H28=0,31,IF(H28=1,31,IF(H28=2,31,IF(H28=3,31,IF(H28=4,31,IF(H28=5,31,IF(H28=6,31,IF(H28=7,27,IF(H28=8,21,IF(H28=9,12,0)))))))))) -> 129 | P28: =IF(E28=0,30,IF(E28=1,30,IF(E28=2,30,IF(E28=3,18,0))))+IF(F28=0,22,IF(F28=1,22,IF(F28=2,22,IF(F28=3,19,IF(F28=4,15,IF(F28=5,9,0))))))+IF(G28=0,31,IF(G28=1,31,IF(G28=2,31,IF(G28=3,31,IF(G28=4,31,IF(G28=5,31,0))))))+IF(H28=0,22,IF(H28=1,22,IF(H28=2,22,IF(H28=3,19,IF(H28=4,15,IF(H28=5,9,0)))))) -> 105 | Q28: =IF(E28=0,18,IF(E28=1,15,0))+IF(F28=0,6,IF(F28=1,6,0))+IF(G28=0,6,IF(G28=1,6,0))+IF(H28=0,6,IF(H28=1,6,0)) -> 33 | R28: Слизь слайма | S28: =IF(F28=0,6,IF(F28=1,6,IF(F28=2,6,IF(F28=3,6,IF(F28=4,6,IF(F28=5,6,IF(F28=6,6,IF(F28=7,5,IF(F28=8,4,IF(F28=9,2,0))))))))))+IF(G28=0,6,IF(G28=1,6,IF(G28=2,6,IF(G28=3,6,IF(G28=4,6,IF(G28=5,6,IF(G28=6,6,IF(G28=7,5,IF(G28=8,4,IF(G28=9,2,0))))))))))+IF(H28=0,6,IF(H28=1,6,IF(H28=2,6,IF(H28=3,6,IF(H28=4,6,IF(H28=5,6,IF(H28=6,6,IF(H28=7,5,IF(H28=8,4,IF(H28=9,2,0)))))))))) -> 18 | T28: Тёмная масса | U28: =IF(F28=10,0,1)+IF(G28=10,0,1)+IF(H28=10,0,1) -> 3 | V28: =IF(F28=0,38,IF(F28=1,38,IF(F28=2,38,IF(F28=3,38,IF(F28=4,38,IF(F28=5,38,IF(F28=6,38,IF(F28=7,34,IF(F28=8,28,IF(F28=9,16,0))))))))))+IF(G28=0,38,IF(G28=1,38,IF(G28=2,38,IF(G28=3,38,IF(G28=4,38,IF(G28=5,38,IF(G28=6,38,IF(G28=7,34,IF(G28=8,28,IF(G28=9,16,0))))))))))+IF(H28=0,38,IF(H28=1,38,IF(H28=2,38,IF(H28=3,38,IF(H28=4,38,IF(H28=5,38,IF(H28=6,38,IF(H28=7,34,IF(H28=8,28,IF(H28=9,16,0)))))))))) -> 114 | W28: =IF(F28=0,21,IF(F28=1,21,IF(F28=2,21,IF(F28=3,19,IF(F28=4,15,IF(F28=5,9,0))))))+IF(G28=0,21,IF(G28=1,21,IF(G28=2,21,IF(G28=3,19,IF(G28=4,15,IF(G28=5,21,0))))))+IF(H28=0,21,IF(H28=1,21,IF(H28=2,21,IF(H28=3,19,IF(H28=4,15,IF(H28=5,9,0)))))) -> 63 | X28: =IF(F28=0,3,IF(F28=1,3,0))+IF(G28=0,3,IF(G28=1,3,0))+IF(H28=0,3,IF(H28=1,3,0)) -> 9 | Y28: Процветание | Z28: =IF(E28=0,168,IF(E28=1,165,IF(E28=2,155,IF(E28=3,135,IF(E28=4,105,IF(E28=5,60,0)))))) -> 165 | AA28: Звёздная ракушка
A29: Нин Гуан | B29: 4 | C29: Лиюэ | D29: Гео | E29: 3 | F29: 4 | G29: 4 | H29: 4 | I29: =IF(E29=6,0,6) -> 6 | J29: =IF(E29=0,9,IF(E29=1,9,IF(E29=2,9,IF(E29=3,9,IF(E29=4,6,0))))) -> 9 | K29: =IF(E29=0,9,IF(E29=1,9,IF(E29=2,6,0))) -> 0 | L29: =IF(E29=0,1,0) -> 0 | M29: =IF(E29=0,46,IF(E29=1,46,IF(E29=2,44,IF(E29=3,40,IF(E29=4,32,IF(E29=5,20,0)))))) -> 40 | N29: Базальтовая колонна | O29: =IF(E29=0,36,IF(E29=1,36,IF(E29=2,36,IF(E29=3,36,IF(E29=4,36,IF(E29=5,24,0))))))+IF(F29=0,31,IF(F29=1,31,IF(F29=2,31,IF(F29=3,31,IF(F29=4,31,IF(F29=5,31,IF(F29=6,31,IF(F29=7,27,IF(F29=8,21,IF(F29=9,12,0))))))))))+IF(G29=0,31,IF(G29=1,31,IF(G29=2,31,IF(G29=3,31,IF(G29=4,31,IF(G29=5,31,IF(G29=6,31,IF(G29=7,27,IF(G29=8,21,IF(G29=9,12,0))))))))))+IF(H29=0,31,IF(H29=1,31,IF(H29=2,31,IF(H29=3,31,IF(H29=4,31,IF(H29=5,31,IF(H29=6,31,IF(H29=7,27,IF(H29=8,21,IF(H29=9,12,0)))))))))) -> 129 | P29: =IF(E29=0,30,IF(E29=1,30,IF(E29=2,30,IF(E29=3,18,0))))+IF(F29=0,22,IF(F29=1,22,IF(F29=2,22,IF(F29=3,19,IF(F29=4,15,IF(F29=5,9,0))))))+IF(G29=0,31,IF(G29=1,31,IF(G29=2,31,IF(G29=3,31,IF(G29=4,31,IF(G29=5,31,0))))))+IF(H29=0,22,IF(H29=1,22,IF(H29=2,22,IF(H29=3,19,IF(H29=4,15,IF(H29=5,9,0)))))) -> 79 | Q29: =IF(E29=0,18,IF(E29=1,15,0))+IF(F29=0,6,IF(F29=1,6,0))+IF(G29=0,6,IF(G29=1,6,0))+IF(H29=0,6,IF(H29=1,6,0)) -> 0 | R29: Шеврон Фатуи | S29: =IF(F29=0,6,IF(F29=1,6,IF(F29=2,6,IF(F29=3,6,IF(F29=4,6,IF(F29=5,6,IF(F29=6,6,IF(F29=7,5,IF(F29=8,4,IF(F29=9,2,0))))))))))+IF(G29=0,6,IF(G29=1,6,IF(G29=2,6,IF(G29=3,6,IF(G29=4,6,IF(G29=5,6,IF(G29=6,6,IF(G29=7,5,IF(G29=8,4,IF(G29=9,2,0))))))))))+IF(H29=0,6,IF(H29=1,6,IF(H29=2,6,IF(H29=3,6,IF(H29=4,6,IF(H29=5,6,IF(H29=6,6,IF(H29=7,5,IF(H29=8,4,IF(H29=9,2,0)))))))))) -> 18 | T29: Шкатулка с духом Борея | U29: =IF(F29=10,0,1)+IF(G29=10,0,1)+IF(H29=10,0,1) -> 3 | V29: =IF(F29=0,38,IF(F29=1,38,IF(F29=2,38,IF(F29=3,38,IF(F29=4,38,IF(F29=5,38,IF(F29=6,38,IF(F29=7,34,IF(F29=8,28,IF(F29=9,16,0))))))))))+IF(G29=0,38,IF(G29=1,38,IF(G29=2,38,IF(G29=3,38,IF(G29=4,38,IF(G29=5,38,IF(G29=6,38,IF(G29=7,34,IF(G29=8,28,IF(G29=9,16,0))))))))))+IF(H29=0,38,IF(H29=1,38,IF(H29=2,38,IF(H29=3,38,IF(H29=4,38,IF(H29=5,38,IF(H29=6,38,IF(H29=7,34,IF(H29=8,28,IF(H29=9,16,0)))))))))) -> 114 | W29: =IF(F29=0,21,IF(F29=1,21,IF(F29=2,21,IF(F29=3,19,IF(F29=4,15,IF(F29=5,9,0))))))+IF(G29=0,21,IF(G29=1,21,IF(G29=2,21,IF(G29=3,19,IF(G29=4,15,IF(G29=5,21,0))))))+IF(H29=0,21,IF(H29=1,21,IF(H29=2,21,IF(H29=3,19,IF(H29=4,15,IF(H29=5,9,0)))))) -> 45 | X29: =IF(F29=0,3,IF(F29=1,3,0))+IF(G29=0,3,IF(G29=1,3,0))+IF(H29=0,3,IF(H29=1,3,0)) -> 0 | Y29: Процветание | Z29: =IF(E29=0,168,IF(E29=1,165,IF(E29=2,155,IF(E29=3,135,IF(E29=4,105,IF(E29=5,60,0)))))) -> 135 | AA29: Глазурная лилия | AB29: 1
A30: Син Цю | B30: 4 | C30: Лиюэ | D30: Гидро | E30: 4 | F30: 6 | G30: 6 | H30: 6 | I30: =IF(E30=6,0,6) -> 6 | J30: =IF(E30=0,9,IF(E30=1,9,IF(E30=2,9,IF(E30=3,9,IF(E30=4,6,0))))) -> 6 | K30: =IF(E30=0,9,IF(E30=1,9,IF(E30=2,6,0))) -> 0 | L30: =IF(E30=0,1,0) -> 0 | M30: =IF(E30=0,46,IF(E30=1,46,IF(E30=2,44,IF(E30=3,40,IF(E30=4,32,IF(E30=5,20,0)))))) -> 32 | N30: Очищающее сердце | O30: =IF(E30=0,36,IF(E30=1,36,IF(E30=2,36,IF(E30=3,36,IF(E30=4,36,IF(E30=5,24,0))))))+IF(F30=0,31,IF(F30=1,31,IF(F30=2,31,IF(F30=3,31,IF(F30=4,31,IF(F30=5,31,IF(F30=6,31,IF(F30=7,27,IF(F30=8,21,IF(F30=9,12,0))))))))))+IF(G30=0,31,IF(G30=1,31,IF(G30=2,31,IF(G30=3,31,IF(G30=4,31,IF(G30=5,31,IF(G30=6,31,IF(G30=7,27,IF(G30=8,21,IF(G30=9,12,0))))))))))+IF(H30=0,31,IF(H30=1,31,IF(H30=2,31,IF(H30=3,31,IF(H30=4,31,IF(H30=5,31,IF(H30=6,31,IF(H30=7,27,IF(H30=8,21,IF(H30=9,12,0)))))))))) -> 129 | P30: =IF(E30=0,30,IF(E30=1,30,IF(E30=2,30,IF(E30=3,18,0))))+IF(F30=0,22,IF(F30=1,22,IF(F30=2,22,IF(F30=3,19,IF(F30=4,15,IF(F30=5,9,0))))))+IF(G30=0,31,IF(G30=1,31,IF(G30=2,31,IF(G30=3,31,IF(G30=4,31,IF(G30=5,31,0))))))+IF(H30=0,22,IF(H30=1,22,IF(H30=2,22,IF(H30=3,19,IF(H30=4,15,IF(H30=5,9,0)))))) -> 0 | Q30: =IF(E30=0,18,IF(E30=1,15,0))+IF(F30=0,6,IF(F30=1,6,0))+IF(G30=0,6,IF(G30=1,6,0))+IF(H30=0,6,IF(H30=1,6,0)) -> 0 | R30: Разбитая маска | S30: =IF(F30=0,6,IF(F30=1,6,IF(F30=2,6,IF(F30=3,6,IF(F30=4,6,IF(F30=5,6,IF(F30=6,6,IF(F30=7,5,IF(F30=8,4,IF(F30=9,2,0))))))))))+IF(G30=0,6,IF(G30=1,6,IF(G30=2,6,IF(G30=3,6,IF(G30=4,6,IF(G30=5,6,IF(G30=6,6,IF(G30=7,5,IF(G30=8,4,IF(G30=9,2,0))))))))))+IF(H30=0,6,IF(H30=1,6,IF(H30=2,6,IF(H30=3,6,IF(H30=4,6,IF(H30=5,6,IF(H30=6,6,IF(H30=7,5,IF(H30=8,4,IF(H30=9,2,0)))))))))) -> 18 | T30: Хвост Борея | U30: =IF(F30=10,0,1)+IF(G30=10,0,1)+IF(H30=10,0,1) -> 3 | V30: =IF(F30=0,38,IF(F30=1,38,IF(F30=2,38,IF(F30=3,38,IF(F30=4,38,IF(F30=5,38,IF(F30=6,38,IF(F30=7,34,IF(F30=8,28,IF(F30=9,16,0))))))))))+IF(G30=0,38,IF(G30=1,38,IF(G30=2,38,IF(G30=3,38,IF(G30=4,38,IF(G30=5,38,IF(G30=6,38,IF(G30=7,34,IF(G30=8,28,IF(G30=9,16,0))))))))))+IF(H30=0,38,IF(H30=1,38,IF(H30=2,38,IF(H30=3,38,IF(H30=4,38,IF(H30=5,38,IF(H30=6,38,IF(H30=7,34,IF(H30=8,28,IF(H30=9,16,0)))))))))) -> 114 | W30: =IF(F30=0,21,IF(F30=1,21,IF(F30=2,21,IF(F30=3,19,IF(F30=4,15,IF(F30=5,9,0))))))+IF(G30=0,21,IF(G30=1,21,IF(G30=2,21,IF(G30=3,19,IF(G30=4,15,IF(G30=5,21,0))))))+IF(H30=0,21,IF(H30=1,21,IF(H30=2,21,IF(H30=3,19,IF(H30=4,15,IF(H30=5,9,0)))))) -> 0 | X30: =IF(F30=0,3,IF(F30=1,3,0))+IF(G30=0,3,IF(G30=1,3,0))+IF(H30=0,3,IF(H30=1,3,0)) -> 0 | Y30: Золото | Z30: =IF(E30=0,168,IF(E30=1,165,IF(E30=2,155,IF(E30=3,135,IF(E30=4,105,IF(E30=5,60,0)))))) -> 105 | AA30: Шелковица | AB30: 1
A31: Синь Янь | B31: 4 | C31: Лиюэ | D31: Пиро | E31: 3 | F31: 2 | G31: 2 | H31: 2 | I31: =IF(E31=6,0,6) -> 6 | J31: =IF(E31=0,9,IF(E31=1,9,IF(E31=2,9,IF(E31=3,9,IF(E31=4,6,0))))) -> 9 | K31: =IF(E31=0,9,IF(E31=1,9,IF(E31=2,6,0))) -> 0 | L31: =IF(E31=0,1,0) -> 0 | M31: =IF(E31=0,46,IF(E31=1,46,IF(E31=2,44,IF(E31=3,40,IF(E31=4,32,IF(E31=5,20,0)))))) -> 40 | N31: Пылающее семя | O31: =IF(E31=0,36,IF(E31=1,36,IF(E31=2,36,IF(E31=3,36,IF(E31=4,36,IF(E31=5,24,0))))))+IF(F31=0,31,IF(F31=1,31,IF(F31=2,31,IF(F31=3,31,IF(F31=4,31,IF(F31=5,31,IF(F31=6,31,IF(F31=7,27,IF(F31=8,21,IF(F31=9,12,0))))))))))+IF(G31=0,31,IF(G31=1,31,IF(G31=2,31,IF(G31=3,31,IF(G31=4,31,IF(G31=5,31,IF(G31=6,31,IF(G31=7,27,IF(G31=8,21,IF(G31=9,12,0))))))))))+IF(H31=0,31,IF(H31=1,31,IF(H31=2,31,IF(H31=3,31,IF(H31=4,31,IF(H31=5,31,IF(H31=6,31,IF(H31=7,27,IF(H31=8,21,IF(H31=9,12,0)))))))))) -> 129 | P31: =IF(E31=0,30,IF(E31=1,30,IF(E31=2,30,IF(E31=3,18,0))))+IF(F31=0,22,IF(F31=1,22,IF(F31=2,22,IF(F31=3,19,IF(F31=4,15,IF(F31=5,9,0))))))+IF(G31=0,31,IF(G31=1,31,IF(G31=2,31,IF(G31=3,31,IF(G31=4,31,IF(G31=5,31,0))))))+IF(H31=0,22,IF(H31=1,22,IF(H31=2,22,IF(H31=3,19,IF(H31=4,15,IF(H31=5,9,0)))))) -> 93 | Q31: =IF(E31=0,18,IF(E31=1,15,0))+IF(F31=0,6,IF(F31=1,6,0))+IF(G31=0,6,IF(G31=1,6,0))+IF(H31=0,6,IF(H31=1,6,0)) -> 0 | R31: Печать Похитителей сокровищ | S31: =IF(F31=0,6,IF(F31=1,6,IF(F31=2,6,IF(F31=3,6,IF(F31=4,6,IF(F31=5,6,IF(F31=6,6,IF(F31=7,5,IF(F31=8,4,IF(F31=9,2,0))))))))))+IF(G31=0,6,IF(G31=1,6,IF(G31=2,6,IF(G31=3,6,IF(G31=4,6,IF(G31=5,6,IF(G31=6,6,IF(G31=7,5,IF(G31=8,4,IF(G31=9,2,0))))))))))+IF(H31=0,6,IF(H31=1,6,IF(H31=2,6,IF(H31=3,6,IF(H31=4,6,IF(H31=5,6,IF(H31=6,6,IF(H31=7,5,IF(H31=8,4,IF(H31=9,2,0)))))))))) -> 18 | T31: Рог небесного кита | U31: =IF(F31=10,0,1)+IF(G31=10,0,1)+IF(H31=10,0,1) -> 3 | V31: =IF(F31=0,38,IF(F31=1,38,IF(F31=2,38,IF(F31=3,38,IF(F31=4,38,IF(F31=5,38,IF(F31=6,38,IF(F31=7,34,IF(F31=8,28,IF(F31=9,16,0))))))))))+IF(G31=0,38,IF(G31=1,38,IF(G31=2,38,IF(G31=3,38,IF(G31=4,38,IF(G31=5,38,IF(G31=6,38,IF(G31=7,34,IF(G31=8,28,IF(G31=9,16,0))))))))))+IF(H31=0,38,IF(H31=1,38,IF(H31=2,38,IF(H31=3,38,IF(H31=4,38,IF(H31=5,38,IF(H31=6,38,IF(H31=7,34,IF(H31=8,28,IF(H31=9,16,0)))))))))) -> 114 | W31: =IF(F31=0,21,IF(F31=1,21,IF(F31=2,21,IF(F31=3,19,IF(F31=4,15,IF(F31=5,9,0))))))+IF(G31=0,21,IF(G31=1,21,IF(G31=2,21,IF(G31=3,19,IF(G31=4,15,IF(G31=5,21,0))))))+IF(H31=0,21,IF(H31=1,21,IF(H31=2,21,IF(H31=3,19,IF(H31=4,15,IF(H31=5,9,0)))))) -> 63 | X31: =IF(F31=0,3,IF(F31=1,3,0))+IF(G31=0,3,IF(G31=1,3,0))+IF(H31=0,3,IF(H31=1,3,0)) -> 0 | Y31: Золото | Z31: =IF(E31=0,168,IF(E31=1,165,IF(E31=2,155,IF(E31=3,135,IF(E31=4,105,IF(E31=5,60,0)))))) -> 135 | AA31: Стеклянные колокольчики | AB31: 1
A32: Сян Лин | B32: 4 | C32: Лиюэ | D32: Пиро | E32: 6 | F32: 6 | G32: 6 | H32: 9 | I32: =IF(E32=6,0,6) -> 0 | J32: =IF(E32=0,9,IF(E32=1,9,IF(E32=2,9,IF(E32=3,9,IF(E32=4,6,0))))) -> 0 | K32: =IF(E32=0,9,IF(E32=1,9,IF(E32=2,6,0))) -> 0 | L32: =IF(E32=0,1,0) -> 0 | M32: =IF(E32=0,46,IF(E32=1,46,IF(E32=2,44,IF(E32=3,40,IF(E32=4,32,IF(E32=5,20,0)))))) -> 0 | N32: Пылающее семя | O32: =IF(E32=0,36,IF(E32=1,36,IF(E32=2,36,IF(E32=3,36,IF(E32=4,36,IF(E32=5,24,0))))))+IF(F32=0,31,IF(F32=1,31,IF(F32=2,31,IF(F32=3,31,IF(F32=4,31,IF(F32=5,31,IF(F32=6,31,IF(F32=7,27,IF(F32=8,21,IF(F32=9,12,0))))))))))+IF(G32=0,31,IF(G32=1,31,IF(G32=2,31,IF(G32=3,31,IF(G32=4,31,IF(G32=5,31,IF(G32=6,31,IF(G32=7,27,IF(G32=8,21,IF(G32=9,12,0))))))))))+IF(H32=0,31,IF(H32=1,31,IF(H32=2,31,IF(H32=3,31,IF(H32=4,31,IF(H32=5,31,IF(H32=6,31,IF(H32=7,27,IF(H32=8,21,IF(H32=9,12,0)))))))))) -> 74 | P32: =IF(E32=0,30,IF(E32=1,30,IF(E32=2,30,IF(E32=3,18,0))))+IF(F32=0,22,IF(F32=1,22,IF(F32=2,22,IF(F32=3,19,IF(F32=4,15,IF(F32=5,9,0))))))+IF(G32=0,31,IF(G32=1,31,IF(G32=2,31,IF(G32=3,31,IF(G32=4,31,IF(G32=5,31,0))))))+IF(H32=0,22,IF(H32=1,22,IF(H32=2,22,IF(H32=3,19,IF(H32=4,15,IF(H32=5,9,0)))))) -> 0 | Q32: =IF(E32=0,18,IF(E32=1,15,0))+IF(F32=0,6,IF(F32=1,6,0))+IF(G32=0,6,IF(G32=1,6,0))+IF(H32=0,6,IF(H32=1,6,0)) -> 0 | R32: Слизь слайма | S32: =IF(F32=0,6,IF(F32=1,6,IF(F32=2,6,IF(F32=3,6,IF(F32=4,6,IF(F32=5,6,IF(F32=6,6,IF(F32=7,5,IF(F32=8,4,IF(F32=9,2,0))))))))))+IF(G32=0,6,IF(G32=1,6,IF(G32=2,6,IF(G32=3,6,IF(G32=4,6,IF(G32=5,6,IF(G32=6,6,IF(G32=7,5,IF(G32=8,4,IF(G32=9,2,0))))))))))+IF(H32=0,6,IF(H32=1,6,IF(H32=2,6,IF(H32=3,6,IF(H32=4,6,IF(H32=5,6,IF(H32=6,6,IF(H32=7,5,IF(H32=8,4,IF(H32=9,2,0)))))))))) -> 14 | T32: Коготь Двалина | U32: =IF(F32=10,0,1)+IF(G32=10,0,1)+IF(H32=10,0,1) -> 3 | V32: =IF(F32=0,38,IF(F32=1,38,IF(F32=2,38,IF(F32=3,38,IF(F32=4,38,IF(F32=5,38,IF(F32=6,38,IF(F32=7,34,IF(F32=8,28,IF(F32=9,16,0))))))))))+IF(G32=0,38,IF(G32=1,38,IF(G32=2,38,IF(G32=3,38,IF(G32=4,38,IF(G32=5,38,IF(G32=6,38,IF(G32=7,34,IF(G32=8,28,IF(G32=9,16,0))))))))))+IF(H32=0,38,IF(H32=1,38,IF(H32=2,38,IF(H32=3,38,IF(H32=4,38,IF(H32=5,38,IF(H32=6,38,IF(H32=7,34,IF(H32=8,28,IF(H32=9,16,0)))))))))) -> 92 | W32: =IF(F32=0,21,IF(F32=1,21,IF(F32=2,21,IF(F32=3,19,IF(F32=4,15,IF(F32=5,9,0))))))+IF(G32=0,21,IF(G32=1,21,IF(G32=2,21,IF(G32=3,19,IF(G32=4,15,IF(G32=5,21,0))))))+IF(H32=0,21,IF(H32=1,21,IF(H32=2,21,IF(H32=3,19,IF(H32=4,15,IF(H32=5,9,0)))))) -> 0 | X32: =IF(F32=0,3,IF(F32=1,3,0))+IF(G32=0,3,IF(G32=1,3,0))+IF(H32=0,3,IF(H32=1,3,0)) -> 0 | Y32: Усердие | Z32: =IF(E32=0,168,IF(E32=1,165,IF(E32=2,155,IF(E32=3,135,IF(E32=4,105,IF(E32=5,60,0)))))) -> 0 | AA32: Заоблачный перчик | AB32: 1
A33: Чун Юнь | B33: 4 | C33: Лиюэ | D33: Крио | E33: 4 | F33: 6 | G33: 6 | H33: 6 | I33: =IF(E33=6,0,6) -> 6 | J33: =IF(E33=0,9,IF(E33=1,9,IF(E33=2,9,IF(E33=3,9,IF(E33=4,6,0))))) -> 6 | K33: =IF(E33=0,9,IF(E33=1,9,IF(E33=2,6,0))) -> 0 | L33: =IF(E33=0,1,0) -> 0 | M33: =IF(E33=0,46,IF(E33=1,46,IF(E33=2,44,IF(E33=3,40,IF(E33=4,32,IF(E33=5,20,0)))))) -> 32 | N33: Инеевое ядро | O33: =IF(E33=0,36,IF(E33=1,36,IF(E33=2,36,IF(E33=3,36,IF(E33=4,36,IF(E33=5,24,0))))))+IF(F33=0,31,IF(F33=1,31,IF(F33=2,31,IF(F33=3,31,IF(F33=4,31,IF(F33=5,31,IF(F33=6,31,IF(F33=7,27,IF(F33=8,21,IF(F33=9,12,0))))))))))+IF(G33=0,31,IF(G33=1,31,IF(G33=2,31,IF(G33=3,31,IF(G33=4,31,IF(G33=5,31,IF(G33=6,31,IF(G33=7,27,IF(G33=8,21,IF(G33=9,12,0))))))))))+IF(H33=0,31,IF(H33=1,31,IF(H33=2,31,IF(H33=3,31,IF(H33=4,31,IF(H33=5,31,IF(H33=6,31,IF(H33=7,27,IF(H33=8,21,IF(H33=9,12,0)))))))))) -> 129 | P33: =IF(E33=0,30,IF(E33=1,30,IF(E33=2,30,IF(E33=3,18,0))))+IF(F33=0,22,IF(F33=1,22,IF(F33=2,22,IF(F33=3,19,IF(F33=4,15,IF(F33=5,9,0))))))+IF(G33=0,31,IF(G33=1,31,IF(G33=2,31,IF(G33=3,31,IF(G33=4,31,IF(G33=5,31,0))))))+IF(H33=0,22,IF(H33=1,22,IF(H33=2,22,IF(H33=3,19,IF(H33=4,15,IF(H33=5,9,0)))))) -> 0 | Q33: =IF(E33=0,18,IF(E33=1,15,0))+IF(F33=0,6,IF(F33=1,6,0))+IF(G33=0,6,IF(G33=1,6,0))+IF(H33=0,6,IF(H33=1,6,0)) -> 0 | R33: Разбитая маска | S33: =IF(F33=0,6,IF(F33=1,6,IF(F33=2,6,IF(F33=3,6,IF(F33=4,6,IF(F33=5,6,IF(F33=6,6,IF(F33=7,5,IF(F33=8,4,IF(F33=9,2,0))))))))))+IF(G33=0,6,IF(G33=1,6,IF(G33=2,6,IF(G33=3,6,IF(G33=4,6,IF(G33=5,6,IF(G33=6,6,IF(G33=7,5,IF(G33=8,4,IF(G33=9,2,0))))))))))+IF(H33=0,6,IF(H33=1,6,IF(H33=2,6,IF(H33=3,6,IF(H33=4,6,IF(H33=5,6,IF(H33=6,6,IF(H33=7,5,IF(H33=8,4,IF(H33=9,2,0)))))))))) -> 18 | T33: Вздох Двалина | U33: =IF(F33=10,0,1)+IF(G33=10,0,1)+IF(H33=10,0,1) -> 3 | V33: =IF(F33=0,38,IF(F33=1,38,IF(F33=2,38,IF(F33=3,38,IF(F33=4,38,IF(F33=5,38,IF(F33=6,38,IF(F33=7,34,IF(F33=8,28,IF(F33=9,16,0))))))))))+IF(G33=0,38,IF(G33=1,38,IF(G33=2,38,IF(G33=3,38,IF(G33=4,38,IF(G33=5,38,IF(G33=6,38,IF(G33=7,34,IF(G33=8,28,IF(G33=9,16,0))))))))))+IF(H33=0,38,IF(H33=1,38,IF(H33=2,38,IF(H33=3,38,IF(H33=4,38,IF(H33=5,38,IF(H33=6,38,IF(H33=7,34,IF(H33=8,28,IF(H33=9,16,0)))))))))) -> 114 | W33: =IF(F33=0,21,IF(F33=1,21,IF(F33=2,21,IF(F33=3,19,IF(F33=4,15,IF(F33=5,9,0))))))+IF(G33=0,21,IF(G33=1,21,IF(G33=2,21,IF(G33=3,19,IF(G33=4,15,IF(G33=5,21,0))))))+IF(H33=0,21,IF(H33=1,21,IF(H33=2,21,IF(H33=3,19,IF(H33=4,15,IF(H33=5,9,0)))))) -> 0 | X33: =IF(F33=0,3,IF(F33=1,3,0))+IF(G33=0,3,IF(G33=1,3,0))+IF(H33=0,3,IF(H33=1,3,0)) -> 0 | Y33: Усердие | Z33: =IF(E33=0,168,IF(E33=1,165,IF(E33=2,155,IF(E33=3,135,IF(E33=4,105,IF(E33=5,60,0)))))) -> 105 | AA33: Кор ляпис | AB33: 1
A34: Юнь Цзинь | B34: 4 | C34: Лиюэ | D34: Гео | E34: 3 | F34: 1 | G34: 1 | H34: 4 | I34: =IF(E34=6,0,6) -> 6 | J34: =IF(E34=0,9,IF(E34=1,9,IF(E34=2,9,IF(E34=3,9,IF(E34=4,6,0))))) -> 9 | K34: =IF(E34=0,9,IF(E34=1,9,IF(E34=2,6,0))) -> 0 | L34: =IF(E34=0,1,0) -> 0 | M34: =IF(E34=0,46,IF(E34=1,46,IF(E34=2,44,IF(E34=3,40,IF(E34=4,32,IF(E34=5,20,0)))))) -> 40 | N34: Эмблема Разрыва | O34: =IF(E34=0,36,IF(E34=1,36,IF(E34=2,36,IF(E34=3,36,IF(E34=4,36,IF(E34=5,24,0))))))+IF(F34=0,31,IF(F34=1,31,IF(F34=2,31,IF(F34=3,31,IF(F34=4,31,IF(F34=5,31,IF(F34=6,31,IF(F34=7,27,IF(F34=8,21,IF(F34=9,12,0))))))))))+IF(G34=0,31,IF(G34=1,31,IF(G34=2,31,IF(G34=3,31,IF(G34=4,31,IF(G34=5,31,IF(G34=6,31,IF(G34=7,27,IF(G34=8,21,IF(G34=9,12,0))))))))))+IF(H34=0,31,IF(H34=1,31,IF(H34=2,31,IF(H34=3,31,IF(H34=4,31,IF(H34=5,31,IF(H34=6,31,IF(H34=7,27,IF(H34=8,21,IF(H34=9,12,0)))))))))) -> 129 | P34: =IF(E34=0,30,IF(E34=1,30,IF(E34=2,30,IF(E34=3,18,0))))+IF(F34=0,22,IF(F34=1,22,IF(F34=2,22,IF(F34=3,19,IF(F34=4,15,IF(F34=5,9,0))))))+IF(G34=0,31,IF(G34=1,31,IF(G34=2,31,IF(G34=3,31,IF(G34=4,31,IF(G34=5,31,0))))))+IF(H34=0,22,IF(H34=1,22,IF(H34=2,22,IF(H34=3,19,IF(H34=4,15,IF(H34=5,9,0)))))) -> 86 | Q34: =IF(E34=0,18,IF(E34=1,15,0))+IF(F34=0,6,IF(F34=1,6,0))+IF(G34=0,6,IF(G34=1,6,0))+IF(H34=0,6,IF(H34=1,6,0)) -> 12 | R34: Разбитая маска | S34: =IF(F34=0,6,IF(F34=1,6,IF(F34=2,6,IF(F34=3,6,IF(F34=4,6,IF(F34=5,6,IF(F34=6,6,IF(F34=7,5,IF(F34=8,4,IF(F34=9,2,0))))))))))+IF(G34=0,6,IF(G34=1,6,IF(G34=2,6,IF(G34=3,6,IF(G34=4,6,IF(G34=5,6,IF(G34=6,6,IF(G34=7,5,IF(G34=8,4,IF(G34=9,2,0))))))))))+IF(H34=0,6,IF(H34=1,6,IF(H34=2,6,IF(H34=3,6,IF(H34=4,6,IF(H34=5,6,IF(H34=6,6,IF(H34=7,5,IF(H34=8,4,IF(H34=9,2,0)))))))))) -> 18 | T34: Пепельное сердце | U34: =IF(F34=10,0,1)+IF(G34=10,0,1)+IF(H34=10,0,1) -> 3 | V34: =IF(F34=0,38,IF(F34=1,38,IF(F34=2,38,IF(F34=3,38,IF(F34=4,38,IF(F34=5,38,IF(F34=6,38,IF(F34=7,34,IF(F34=8,28,IF(F34=9,16,0))))))))))+IF(G34=0,38,IF(G34=1,38,IF(G34=2,38,IF(G34=3,38,IF(G34=4,38,IF(G34=5,38,IF(G34=6,38,IF(G34=7,34,IF(G34=8,28,IF(G34=9,16,0))))))))))+IF(H34=0,38,IF(H34=1,38,IF(H34=2,38,IF(H34=3,38,IF(H34=4,38,IF(H34=5,38,IF(H34=6,38,IF(H34=7,34,IF(H34=8,28,IF(H34=9,16,0)))))))))) -> 114 | W34: =IF(F34=0,21,IF(F34=1,21,IF(F34=2,21,IF(F34=3,19,IF(F34=4,15,IF(F34=5,9,0))))))+IF(G34=0,21,IF(G34=1,21,IF(G34=2,21,IF(G34=3,19,IF(G34=4,15,IF(G34=5,21,0))))))+IF(H34=0,21,IF(H34=1,21,IF(H34=2,21,IF(H34=3,19,IF(H34=4,15,IF(H34=5,9,0)))))) -> 57 | X34: =IF(F34=0,3,IF(F34=1,3,0))+IF(G34=0,3,IF(G34=1,3,0))+IF(H34=0,3,IF(H34=1,3,0)) -> 6 | Y34: Усердие | Z34: =IF(E34=0,168,IF(E34=1,165,IF(E34=2,155,IF(E34=3,135,IF(E34=4,105,IF(E34=5,60,0)))))) -> 135 | AA34: Глазурная лилия
A35: Янь Фэй | B35: 4 | C35: Лиюэ | D35: Пиро | E35: 3 | F35: 2 | G35: 3 | H35: 2 | I35: =IF(E35=6,0,6) -> 6 | J35: =IF(E35=0,9,IF(E35=1,9,IF(E35=2,9,IF(E35=3,9,IF(E35=4,6,0))))) -> 9 | K35: =IF(E35=0,9,IF(E35=1,9,IF(E35=2,6,0))) -> 0 | L35: =IF(E35=0,1,0) -> 0 | M35: =IF(E35=0,46,IF(E35=1,46,IF(E35=2,44,IF(E35=3,40,IF(E35=4,32,IF(E35=5,20,0)))))) -> 40 | N35: Незрелый нефрит | O35: =IF(E35=0,36,IF(E35=1,36,IF(E35=2,36,IF(E35=3,36,IF(E35=4,36,IF(E35=5,24,0))))))+IF(F35=0,31,IF(F35=1,31,IF(F35=2,31,IF(F35=3,31,IF(F35=4,31,IF(F35=5,31,IF(F35=6,31,IF(F35=7,27,IF(F35=8,21,IF(F35=9,12,0))))))))))+IF(G35=0,31,IF(G35=1,31,IF(G35=2,31,IF(G35=3,31,IF(G35=4,31,IF(G35=5,31,IF(G35=6,31,IF(G35=7,27,IF(G35=8,21,IF(G35=9,12,0))))))))))+IF(H35=0,31,IF(H35=1,31,IF(H35=2,31,IF(H35=3,31,IF(H35=4,31,IF(H35=5,31,IF(H35=6,31,IF(H35=7,27,IF(H35=8,21,IF(H35=9,12,0)))))))))) -> 129 | P35: =IF(E35=0,30,IF(E35=1,30,IF(E35=2,30,IF(E35=3,18,0))))+IF(F35=0,22,IF(F35=1,22,IF(F35=2,22,IF(F35=3,19,IF(F35=4,15,IF(F35=5,9,0))))))+IF(G35=0,31,IF(G35=1,31,IF(G35=2,31,IF(G35=3,31,IF(G35=4,31,IF(G35=5,31,0))))))+IF(H35=0,22,IF(H35=1,22,IF(H35=2,22,IF(H35=3,19,IF(H35=4,15,IF(H35=5,9,0)))))) -> 93 | Q35: =IF(E35=0,18,IF(E35=1,15,0))+IF(F35=0,6,IF(F35=1,6,0))+IF(G35=0,6,IF(G35=1,6,0))+IF(H35=0,6,IF(H35=1,6,0)) -> 0 | R35: Печать Похитителей сокровищ | S35: =IF(F35=0,6,IF(F35=1,6,IF(F35=2,6,IF(F35=3,6,IF(F35=4,6,IF(F35=5,6,IF(F35=6,6,IF(F35=7,5,IF(F35=8,4,IF(F35=9,2,0))))))))))+IF(G35=0,6,IF(G35=1,6,IF(G35=2,6,IF(G35=3,6,IF(G35=4,6,IF(G35=5,6,IF(G35=6,6,IF(G35=7,5,IF(G35=8,4,IF(G35=9,2,0))))))))))+IF(H35=0,6,IF(H35=1,6,IF(H35=2,6,IF(H35=3,6,IF(H35=4,6,IF(H35=5,6,IF(H35=6,6,IF(H35=7,5,IF(H35=8,4,IF(H35=9,2,0)))))))))) -> 18 | T35: Ветвь кровавой яшмы | U35: =IF(F35=10,0,1)+IF(G35=10,0,1)+IF(H35=10,0,1) -> 3 | V35: =IF(F35=0,38,IF(F35=1,38,IF(F35=2,38,IF(F35=3,38,IF(F35=4,38,IF(F35=5,38,IF(F35=6,38,IF(F35=7,34,IF(F35=8,28,IF(F35=9,16,0))))))))))+IF(G35=0,38,IF(G35=1,38,IF(G35=2,38,IF(G35=3,38,IF(G35=4,38,IF(G35=5,38,IF(G35=6,38,IF(G35=7,34,IF(G35=8,28,IF(G35=9,16,0))))))))))+IF(H35=0,38,IF(H35=1,38,IF(H35=2,38,IF(H35=3,38,IF(H35=4,38,IF(H35=5,38,IF(H35=6,38,IF(H35=7,34,IF(H35=8,28,IF(H35=9,16,0)))))))))) -> 114 | W35: =IF(F35=0,21,IF(F35=1,21,IF(F35=2,21,IF(F35=3,19,IF(F35=4,15,IF(F35=5,9,0))))))+IF(G35=0,21,IF(G35=1,21,IF(G35=2,21,IF(G35=3,19,IF(G35=4,15,IF(G35=5,21,0))))))+IF(H35=0,21,IF(H35=1,21,IF(H35=2,21,IF(H35=3,19,IF(H35=4,15,IF(H35=5,9,0)))))) -> 61 | X35: =IF(F35=0,3,IF(F35=1,3,0))+IF(G35=0,3,IF(G35=1,3,0))+IF(H35=0,3,IF(H35=1,3,0)) -> 0 | Y35: Золото | Z35: =IF(E35=0,168,IF(E35=1,165,IF(E35=2,155,IF(E35=3,135,IF(E35=4,105,IF(E35=5,60,0)))))) -> 135 | AA35: Полуночный нефрит | AB35: 1
A36: Яо Яо | B36: 4 | C36: Лиюэ | D36: Дендро | E36: 5 | F36: 1 | G36: 8 | H36: 7 | I36: =IF(E36=6,0,6) -> 6 | J36: =IF(E36=0,9,IF(E36=1,9,IF(E36=2,9,IF(E36=3,9,IF(E36=4,6,0))))) -> 0 | K36: =IF(E36=0,9,IF(E36=1,9,IF(E36=2,6,0))) -> 0 | L36: =IF(E36=0,1,0) -> 0 | M36: =IF(E36=0,46,IF(E36=1,46,IF(E36=2,44,IF(E36=3,40,IF(E36=4,32,IF(E36=5,20,0)))))) -> 20 | N36: Подавленная лоза | O36: =IF(E36=0,36,IF(E36=1,36,IF(E36=2,36,IF(E36=3,36,IF(E36=4,36,IF(E36=5,24,0))))))+IF(F36=0,31,IF(F36=1,31,IF(F36=2,31,IF(F36=3,31,IF(F36=4,31,IF(F36=5,31,IF(F36=6,31,IF(F36=7,27,IF(F36=8,21,IF(F36=9,12,0))))))))))+IF(G36=0,31,IF(G36=1,31,IF(G36=2,31,IF(G36=3,31,IF(G36=4,31,IF(G36=5,31,IF(G36=6,31,IF(G36=7,27,IF(G36=8,21,IF(G36=9,12,0))))))))))+IF(H36=0,31,IF(H36=1,31,IF(H36=2,31,IF(H36=3,31,IF(H36=4,31,IF(H36=5,31,IF(H36=6,31,IF(H36=7,27,IF(H36=8,21,IF(H36=9,12,0)))))))))) -> 103 | P36: =IF(E36=0,30,IF(E36=1,30,IF(E36=2,30,IF(E36=3,18,0))))+IF(F36=0,22,IF(F36=1,22,IF(F36=2,22,IF(F36=3,19,IF(F36=4,15,IF(F36=5,9,0))))))+IF(G36=0,31,IF(G36=1,31,IF(G36=2,31,IF(G36=3,31,IF(G36=4,31,IF(G36=5,31,0))))))+IF(H36=0,22,IF(H36=1,22,IF(H36=2,22,IF(H36=3,19,IF(H36=4,15,IF(H36=5,9,0)))))) -> 22 | Q36: =IF(E36=0,18,IF(E36=1,15,0))+IF(F36=0,6,IF(F36=1,6,0))+IF(G36=0,6,IF(G36=1,6,0))+IF(H36=0,6,IF(H36=1,6,0)) -> 6 | R36: Слизь слайма | S36: =IF(F36=0,6,IF(F36=1,6,IF(F36=2,6,IF(F36=3,6,IF(F36=4,6,IF(F36=5,6,IF(F36=6,6,IF(F36=7,5,IF(F36=8,4,IF(F36=9,2,0))))))))))+IF(G36=0,6,IF(G36=1,6,IF(G36=2,6,IF(G36=3,6,IF(G36=4,6,IF(G36=5,6,IF(G36=6,6,IF(G36=7,5,IF(G36=8,4,IF(G36=9,2,0))))))))))+IF(H36=0,6,IF(H36=1,6,IF(H36=2,6,IF(H36=3,6,IF(H36=4,6,IF(H36=5,6,IF(H36=6,6,IF(H36=7,5,IF(H36=8,4,IF(H36=9,2,0)))))))))) -> 15 | T36: Пустой колокольчик | U36: =IF(F36=10,0,1)+IF(G36=10,0,1)+IF(H36=10,0,1) -> 3 | V36: =IF(F36=0,38,IF(F36=1,38,IF(F36=2,38,IF(F36=3,38,IF(F36=4,38,IF(F36=5,38,IF(F36=6,38,IF(F36=7,34,IF(F36=8,28,IF(F36=9,16,0))))))))))+IF(G36=0,38,IF(G36=1,38,IF(G36=2,38,IF(G36=3,38,IF(G36=4,38,IF(G36=5,38,IF(G36=6,38,IF(G36=7,34,IF(G36=8,28,IF(G36=9,16,0))))))))))+IF(H36=0,38,IF(H36=1,38,IF(H36=2,38,IF(H36=3,38,IF(H36=4,38,IF(H36=5,38,IF(H36=6,38,IF(H36=7,34,IF(H36=8,28,IF(H36=9,16,0)))))))))) -> 100 | W36: =IF(F36=0,21,IF(F36=1,21,IF(F36=2,21,IF(F36=3,19,IF(F36=4,15,IF(F36=5,9,0))))))+IF(G36=0,21,IF(G36=1,21,IF(G36=2,21,IF(G36=3,19,IF(G36=4,15,IF(G36=5,21,0))))))+IF(H36=0,21,IF(H36=1,21,IF(H36=2,21,IF(H36=3,19,IF(H36=4,15,IF(H36=5,9,0)))))) -> 21 | X36: =IF(F36=0,3,IF(F36=1,3,0))+IF(G36=0,3,IF(G36=1,3,0))+IF(H36=0,3,IF(H36=1,3,0)) -> 3 | Y36: Усердие | Z36: =IF(E36=0,168,IF(E36=1,165,IF(E36=2,155,IF(E36=3,135,IF(E36=4,105,IF(E36=5,60,0)))))) -> 60 | AA36: Заоблачный перчик | AB36: 1
A37: Лани | B37: 4 | C37: Лиюэ | D37: Анемо | E37: 1 | F37: 0 | G37: 0 | H37: 0 | I37: =IF(E37=6,0,6) -> 6 | J37: =IF(E37=0,9,IF(E37=1,9,IF(E37=2,9,IF(E37=3,9,IF(E37=4,6,0))))) -> 9 | K37: =IF(E37=0,9,IF(E37=1,9,IF(E37=2,6,0))) -> 9 | L37: =IF(E37=0,1,0) -> 0 | M37: =IF(E37=0,46,IF(E37=1,46,IF(E37=2,44,IF(E37=3,40,IF(E37=4,32,IF(E37=5,20,0)))))) -> 46 | O37: =IF(E37=0,36,IF(E37=1,36,IF(E37=2,36,IF(E37=3,36,IF(E37=4,36,IF(E37=5,24,0))))))+IF(F37=0,31,IF(F37=1,31,IF(F37=2,31,IF(F37=3,31,IF(F37=4,31,IF(F37=5,31,IF(F37=6,31,IF(F37=7,27,IF(F37=8,21,IF(F37=9,12,0))))))))))+IF(G37=0,31,IF(G37=1,31,IF(G37=2,31,IF(G37=3,31,IF(G37=4,31,IF(G37=5,31,IF(G37=6,31,IF(G37=7,27,IF(G37=8,21,IF(G37=9,12,0))))))))))+IF(H37=0,31,IF(H37=1,31,IF(H37=2,31,IF(H37=3,31,IF(H37=4,31,IF(H37=5,31,IF(H37=6,31,IF(H37=7,27,IF(H37=8,21,IF(H37=9,12,0)))))))))) -> 129 | P37: =IF(E37=0,30,IF(E37=1,30,IF(E37=2,30,IF(E37=3,18,0))))+IF(F37=0,22,IF(F37=1,22,IF(F37=2,22,IF(F37=3,19,IF(F37=4,15,IF(F37=5,9,0))))))+IF(G37=0,31,IF(G37=1,31,IF(G37=2,31,IF(G37=3,31,IF(G37=4,31,IF(G37=5,31,0))))))+IF(H37=0,22,IF(H37=1,22,IF(H37=2,22,IF(H37=3,19,IF(H37=4,15,IF(H37=5,9,0)))))) -> 105 | Q37: =IF(E37=0,18,IF(E37=1,15,0))+IF(F37=0,6,IF(F37=1,6,0))+IF(G37=0,6,IF(G37=1,6,0))+IF(H37=0,6,IF(H37=1,6,0)) -> 33 | S37: =IF(F37=0,6,IF(F37=1,6,IF(F37=2,6,IF(F37=3,6,IF(F37=4,6,IF(F37=5,6,IF(F37=6,6,IF(F37=7,5,IF(F37=8,4,IF(F37=9,2,0))))))))))+IF(G37=0,6,IF(G37=1,6,IF(G37=2,6,IF(G37=3,6,IF(G37=4,6,IF(G37=5,6,IF(G37=6,6,IF(G37=7,5,IF(G37=8,4,IF(G37=9,2,0))))))))))+IF(H37=0,6,IF(H37=1,6,IF(H37=2,6,IF(H37=3,6,IF(H37=4,6,IF(H37=5,6,IF(H37=6,6,IF(H37=7,5,IF(H37=8,4,IF(H37=9,2,0)))))))))) -> 18 | U37: =IF(F37=10,0,1)+IF(G37=10,0,1)+IF(H37=10,0,1) -> 3 | V37: =IF(F37=0,38,IF(F37=1,38,IF(F37=2,38,IF(F37=3,38,IF(F37=4,38,IF(F37=5,38,IF(F37=6,38,IF(F37=7,34,IF(F37=8,28,IF(F37=9,16,0))))))))))+IF(G37=0,38,IF(G37=1,38,IF(G37=2,38,IF(G37=3,38,IF(G37=4,38,IF(G37=5,38,IF(G37=6,38,IF(G37=7,34,IF(G37=8,28,IF(G37=9,16,0))))))))))+IF(H37=0,38,IF(H37=1,38,IF(H37=2,38,IF(H37=3,38,IF(H37=4,38,IF(H37=5,38,IF(H37=6,38,IF(H37=7,34,IF(H37=8,28,IF(H37=9,16,0)))))))))) -> 114 | W37: =IF(F37=0,21,IF(F37=1,21,IF(F37=2,21,IF(F37=3,19,IF(F37=4,15,IF(F37=5,9,0))))))+IF(G37=0,21,IF(G37=1,21,IF(G37=2,21,IF(G37=3,19,IF(G37=4,15,IF(G37=5,21,0))))))+IF(H37=0,21,IF(H37=1,21,IF(H37=2,21,IF(H37=3,19,IF(H37=4,15,IF(H37=5,9,0)))))) -> 63 | X37: =IF(F37=0,3,IF(F37=1,3,0))+IF(G37=0,3,IF(G37=1,3,0))+IF(H37=0,3,IF(H37=1,3,0)) -> 9 | Z37: =IF(E37=0,168,IF(E37=1,165,IF(E37=2,155,IF(E37=3,135,IF(E37=4,105,IF(E37=5,60,0)))))) -> 165 | AA37: Нефрит чистой воды
A38: Альбедо | B38: 5 | C38: Мондштадт | D38: Гео | E38: 0 | F38: 0 | G38: 0 | H38: 0 | I38: =IF(E38=6,0,6) -> 6 | J38: =IF(E38=0,9,IF(E38=1,9,IF(E38=2,9,IF(E38=3,9,IF(E38=4,6,0))))) -> 9 | K38: =IF(E38=0,9,IF(E38=1,9,IF(E38=2,6,0))) -> 9 | L38: =IF(E38=0,1,0) -> 1 | M38: =IF(E38=0,46,IF(E38=1,46,IF(E38=2,44,IF(E38=3,40,IF(E38=4,32,IF(E38=5,20,0)))))) -> 46 | N38: Базальтовая колонна | O38: =IF(E38=0,36,IF(E38=1,36,IF(E38=2,36,IF(E38=3,36,IF(E38=4,36,IF(E38=5,24,0))))))+IF(F38=0,31,IF(F38=1,31,IF(F38=2,31,IF(F38=3,31,IF(F38=4,31,IF(F38=5,31,IF(F38=6,31,IF(F38=7,27,IF(F38=8,21,IF(F38=9,12,0))))))))))+IF(G38=0,31,IF(G38=1,31,IF(G38=2,31,IF(G38=3,31,IF(G38=4,31,IF(G38=5,31,IF(G38=6,31,IF(G38=7,27,IF(G38=8,21,IF(G38=9,12,0))))))))))+IF(H38=0,31,IF(H38=1,31,IF(H38=2,31,IF(H38=3,31,IF(H38=4,31,IF(H38=5,31,IF(H38=6,31,IF(H38=7,27,IF(H38=8,21,IF(H38=9,12,0)))))))))) -> 129 | P38: =IF(E38=0,30,IF(E38=1,30,IF(E38=2,30,IF(E38=3,18,0))))+IF(F38=0,22,IF(F38=1,22,IF(F38=2,22,IF(F38=3,19,IF(F38=4,15,IF(F38=5,9,0))))))+IF(G38=0,31,IF(G38=1,31,IF(G38=2,31,IF(G38=3,31,IF(G38=4,31,IF(G38=5,31,0))))))+IF(H38=0,22,IF(H38=1,22,IF(H38=2,22,IF(H38=3,19,IF(H38=4,15,IF(H38=5,9,0)))))) -> 105 | Q38: =IF(E38=0,18,IF(E38=1,15,0))+IF(F38=0,6,IF(F38=1,6,0))+IF(G38=0,6,IF(G38=1,6,0))+IF(H38=0,6,IF(H38=1,6,0)) -> 36 | R38: Свиток божественной магии | S38: =IF(F38=0,6,IF(F38=1,6,IF(F38=2,6,IF(F38=3,6,IF(F38=4,6,IF(F38=5,6,IF(F38=6,6,IF(F38=7,5,IF(F38=8,4,IF(F38=9,2,0))))))))))+IF(G38=0,6,IF(G38=1,6,IF(G38=2,6,IF(G38=3,6,IF(G38=4,6,IF(G38=5,6,IF(G38=6,6,IF(G38=7,5,IF(G38=8,4,IF(G38=9,2,0))))))))))+IF(H38=0,6,IF(H38=1,6,IF(H38=2,6,IF(H38=3,6,IF(H38=4,6,IF(H38=5,6,IF(H38=6,6,IF(H38=7,5,IF(H38=8,4,IF(H38=9,2,0)))))))))) -> 18 | T38: Рог небесного кита | U38: =IF(F38=10,0,1)+IF(G38=10,0,1)+IF(H38=10,0,1) -> 3 | V38: =IF(F38=0,38,IF(F38=1,38,IF(F38=2,38,IF(F38=3,38,IF(F38=4,38,IF(F38=5,38,IF(F38=6,38,IF(F38=7,34,IF(F38=8,28,IF(F38=9,16,0))))))))))+IF(G38=0,38,IF(G38=1,38,IF(G38=2,38,IF(G38=3,38,IF(G38=4,38,IF(G38=5,38,IF(G38=6,38,IF(G38=7,34,IF(G38=8,28,IF(G38=9,16,0))))))))))+IF(H38=0,38,IF(H38=1,38,IF(H38=2,38,IF(H38=3,38,IF(H38=4,38,IF(H38=5,38,IF(H38=6,38,IF(H38=7,34,IF(H38=8,28,IF(H38=9,16,0)))))))))) -> 114 | W38: =IF(F38=0,21,IF(F38=1,21,IF(F38=2,21,IF(F38=3,19,IF(F38=4,15,IF(F38=5,9,0))))))+IF(G38=0,21,IF(G38=1,21,IF(G38=2,21,IF(G38=3,19,IF(G38=4,15,IF(G38=5,21,0))))))+IF(H38=0,21,IF(H38=1,21,IF(H38=2,21,IF(H38=3,19,IF(H38=4,15,IF(H38=5,9,0)))))) -> 63 | X38: =IF(F38=0,3,IF(F38=1,3,0))+IF(G38=0,3,IF(G38=1,3,0))+IF(H38=0,3,IF(H38=1,3,0)) -> 9 | Y38: Поэзия | Z38: =IF(E38=0,168,IF(E38=1,165,IF(E38=2,155,IF(E38=3,135,IF(E38=4,105,IF(E38=5,60,0)))))) -> 168 | AA38: Сесилия | AB38: 1
A39: Венти | B39: 5 | C39: Мондштадт | D39: Анемо | E39: 3 | F39: 1 | G39: 1 | H39: 2 | I39: =IF(E39=6,0,6) -> 6 | J39: =IF(E39=0,9,IF(E39=1,9,IF(E39=2,9,IF(E39=3,9,IF(E39=4,6,0))))) -> 9 | K39: =IF(E39=0,9,IF(E39=1,9,IF(E39=2,6,0))) -> 0 | L39: =IF(E39=0,1,0) -> 0 | M39: =IF(E39=0,46,IF(E39=1,46,IF(E39=2,44,IF(E39=3,40,IF(E39=4,32,IF(E39=5,20,0)))))) -> 40 | N39: Семя урагана | O39: =IF(E39=0,36,IF(E39=1,36,IF(E39=2,36,IF(E39=3,36,IF(E39=4,36,IF(E39=5,24,0))))))+IF(F39=0,31,IF(F39=1,31,IF(F39=2,31,IF(F39=3,31,IF(F39=4,31,IF(F39=5,31,IF(F39=6,31,IF(F39=7,27,IF(F39=8,21,IF(F39=9,12,0))))))))))+IF(G39=0,31,IF(G39=1,31,IF(G39=2,31,IF(G39=3,31,IF(G39=4,31,IF(G39=5,31,IF(G39=6,31,IF(G39=7,27,IF(G39=8,21,IF(G39=9,12,0))))))))))+IF(H39=0,31,IF(H39=1,31,IF(H39=2,31,IF(H39=3,31,IF(H39=4,31,IF(H39=5,31,IF(H39=6,31,IF(H39=7,27,IF(H39=8,21,IF(H39=9,12,0)))))))))) -> 129 | P39: =IF(E39=0,30,IF(E39=1,30,IF(E39=2,30,IF(E39=3,18,0))))+IF(F39=0,22,IF(F39=1,22,IF(F39=2,22,IF(F39=3,19,IF(F39=4,15,IF(F39=5,9,0))))))+IF(G39=0,31,IF(G39=1,31,IF(G39=2,31,IF(G39=3,31,IF(G39=4,31,IF(G39=5,31,0))))))+IF(H39=0,22,IF(H39=1,22,IF(H39=2,22,IF(H39=3,19,IF(H39=4,15,IF(H39=5,9,0)))))) -> 93 | Q39: =IF(E39=0,18,IF(E39=1,15,0))+IF(F39=0,6,IF(F39=1,6,0))+IF(G39=0,6,IF(G39=1,6,0))+IF(H39=0,6,IF(H39=1,6,0)) -> 12 | R39: Слизь слайма | S39: =IF(F39=0,6,IF(F39=1,6,IF(F39=2,6,IF(F39=3,6,IF(F39=4,6,IF(F39=5,6,IF(F39=6,6,IF(F39=7,5,IF(F39=8,4,IF(F39=9,2,0))))))))))+IF(G39=0,6,IF(G39=1,6,IF(G39=2,6,IF(G39=3,6,IF(G39=4,6,IF(G39=5,6,IF(G39=6,6,IF(G39=7,5,IF(G39=8,4,IF(G39=9,2,0))))))))))+IF(H39=0,6,IF(H39=1,6,IF(H39=2,6,IF(H39=3,6,IF(H39=4,6,IF(H39=5,6,IF(H39=6,6,IF(H39=7,5,IF(H39=8,4,IF(H39=9,2,0)))))))))) -> 18 | T39: Хвост Борея | U39: =IF(F39=10,0,1)+IF(G39=10,0,1)+IF(H39=10,0,1) -> 3 | V39: =IF(F39=0,38,IF(F39=1,38,IF(F39=2,38,IF(F39=3,38,IF(F39=4,38,IF(F39=5,38,IF(F39=6,38,IF(F39=7,34,IF(F39=8,28,IF(F39=9,16,0))))))))))+IF(G39=0,38,IF(G39=1,38,IF(G39=2,38,IF(G39=3,38,IF(G39=4,38,IF(G39=5,38,IF(G39=6,38,IF(G39=7,34,IF(G39=8,28,IF(G39=9,16,0))))))))))+IF(H39=0,38,IF(H39=1,38,IF(H39=2,38,IF(H39=3,38,IF(H39=4,38,IF(H39=5,38,IF(H39=6,38,IF(H39=7,34,IF(H39=8,28,IF(H39=9,16,0)))))))))) -> 114 | W39: =IF(F39=0,21,IF(F39=1,21,IF(F39=2,21,IF(F39=3,19,IF(F39=4,15,IF(F39=5,9,0))))))+IF(G39=0,21,IF(G39=1,21,IF(G39=2,21,IF(G39=3,19,IF(G39=4,15,IF(G39=5,21,0))))))+IF(H39=0,21,IF(H39=1,21,IF(H39=2,21,IF(H39=3,19,IF(H39=4,15,IF(H39=5,9,0)))))) -> 63 | X39: =IF(F39=0,3,IF(F39=1,3,0))+IF(G39=0,3,IF(G39=1,3,0))+IF(H39=0,3,IF(H39=1,3,0)) -> 6 | Y39: Поэзия | Z39: =IF(E39=0,168,IF(E39=1,165,IF(E39=2,155,IF(E39=3,135,IF(E39=4,105,IF(E39=5,60,0)))))) -> 135 | AA39: Сесилия | AB39: 1
A40: Джинн | B40: 5 | C40: Мондштадт | D40: Анемо | E40: 1 | F40: 1 | G40: 1 | H40: 1 | I40: =IF(E40=6,0,6) -> 6 | J40: =IF(E40=0,9,IF(E40=1,9,IF(E40=2,9,IF(E40=3,9,IF(E40=4,6,0))))) -> 9 | K40: =IF(E40=0,9,IF(E40=1,9,IF(E40=2,6,0))) -> 9 | L40: =IF(E40=0,1,0) -> 0 | M40: =IF(E40=0,46,IF(E40=1,46,IF(E40=2,44,IF(E40=3,40,IF(E40=4,32,IF(E40=5,20,0)))))) -> 46 | N40: Семя урагана | O40: =IF(E40=0,36,IF(E40=1,36,IF(E40=2,36,IF(E40=3,36,IF(E40=4,36,IF(E40=5,24,0))))))+IF(F40=0,31,IF(F40=1,31,IF(F40=2,31,IF(F40=3,31,IF(F40=4,31,IF(F40=5,31,IF(F40=6,31,IF(F40=7,27,IF(F40=8,21,IF(F40=9,12,0))))))))))+IF(G40=0,31,IF(G40=1,31,IF(G40=2,31,IF(G40=3,31,IF(G40=4,31,IF(G40=5,31,IF(G40=6,31,IF(G40=7,27,IF(G40=8,21,IF(G40=9,12,0))))))))))+IF(H40=0,31,IF(H40=1,31,IF(H40=2,31,IF(H40=3,31,IF(H40=4,31,IF(H40=5,31,IF(H40=6,31,IF(H40=7,27,IF(H40=8,21,IF(H40=9,12,0)))))))))) -> 129 | P40: =IF(E40=0,30,IF(E40=1,30,IF(E40=2,30,IF(E40=3,18,0))))+IF(F40=0,22,IF(F40=1,22,IF(F40=2,22,IF(F40=3,19,IF(F40=4,15,IF(F40=5,9,0))))))+IF(G40=0,31,IF(G40=1,31,IF(G40=2,31,IF(G40=3,31,IF(G40=4,31,IF(G40=5,31,0))))))+IF(H40=0,22,IF(H40=1,22,IF(H40=2,22,IF(H40=3,19,IF(H40=4,15,IF(H40=5,9,0)))))) -> 105 | Q40: =IF(E40=0,18,IF(E40=1,15,0))+IF(F40=0,6,IF(F40=1,6,0))+IF(G40=0,6,IF(G40=1,6,0))+IF(H40=0,6,IF(H40=1,6,0)) -> 33 | R40: Разбитая маска | S40: =IF(F40=0,6,IF(F40=1,6,IF(F40=2,6,IF(F40=3,6,IF(F40=4,6,IF(F40=5,6,IF(F40=6,6,IF(F40=7,5,IF(F40=8,4,IF(F40=9,2,0))))))))))+IF(G40=0,6,IF(G40=1,6,IF(G40=2,6,IF(G40=3,6,IF(G40=4,6,IF(G40=5,6,IF(G40=6,6,IF(G40=7,5,IF(G40=8,4,IF(G40=9,2,0))))))))))+IF(H40=0,6,IF(H40=1,6,IF(H40=2,6,IF(H40=3,6,IF(H40=4,6,IF(H40=5,6,IF(H40=6,6,IF(H40=7,5,IF(H40=8,4,IF(H40=9,2,0)))))))))) -> 18 | T40: Перо из хвоста Двалина | U40: =IF(F40=10,0,1)+IF(G40=10,0,1)+IF(H40=10,0,1) -> 3 | V40: =IF(F40=0,38,IF(F40=1,38,IF(F40=2,38,IF(F40=3,38,IF(F40=4,38,IF(F40=5,38,IF(F40=6,38,IF(F40=7,34,IF(F40=8,28,IF(F40=9,16,0))))))))))+IF(G40=0,38,IF(G40=1,38,IF(G40=2,38,IF(G40=3,38,IF(G40=4,38,IF(G40=5,38,IF(G40=6,38,IF(G40=7,34,IF(G40=8,28,IF(G40=9,16,0))))))))))+IF(H40=0,38,IF(H40=1,38,IF(H40=2,38,IF(H40=3,38,IF(H40=4,38,IF(H40=5,38,IF(H40=6,38,IF(H40=7,34,IF(H40=8,28,IF(H40=9,16,0)))))))))) -> 114 | W40: =IF(F40=0,21,IF(F40=1,21,IF(F40=2,21,IF(F40=3,19,IF(F40=4,15,IF(F40=5,9,0))))))+IF(G40=0,21,IF(G40=1,21,IF(G40=2,21,IF(G40=3,19,IF(G40=4,15,IF(G40=5,21,0))))))+IF(H40=0,21,IF(H40=1,21,IF(H40=2,21,IF(H40=3,19,IF(H40=4,15,IF(H40=5,9,0)))))) -> 63 | X40: =IF(F40=0,3,IF(F40=1,3,0))+IF(G40=0,3,IF(G40=1,3,0))+IF(H40=0,3,IF(H40=1,3,0)) -> 9 | Y40: Борьба | Z40: =IF(E40=0,168,IF(E40=1,165,IF(E40=2,155,IF(E40=3,135,IF(E40=4,105,IF(E40=5,60,0)))))) -> 165 | AA40: Семена одуванчика | AB40: 1
A41: Дилюк | B41: 5 | C41: Мондштадт | D41: Пиро | E41: 3 | F41: 1 | G41: 1 | H41: 1 | I41: =IF(E41=6,0,6) -> 6 | J41: =IF(E41=0,9,IF(E41=1,9,IF(E41=2,9,IF(E41=3,9,IF(E41=4,6,0))))) -> 9 | K41: =IF(E41=0,9,IF(E41=1,9,IF(E41=2,6,0))) -> 0 | L41: =IF(E41=0,1,0) -> 0 | M41: =IF(E41=0,46,IF(E41=1,46,IF(E41=2,44,IF(E41=3,40,IF(E41=4,32,IF(E41=5,20,0)))))) -> 40 | N41: Пылающее семя | O41: =IF(E41=0,36,IF(E41=1,36,IF(E41=2,36,IF(E41=3,36,IF(E41=4,36,IF(E41=5,24,0))))))+IF(F41=0,31,IF(F41=1,31,IF(F41=2,31,IF(F41=3,31,IF(F41=4,31,IF(F41=5,31,IF(F41=6,31,IF(F41=7,27,IF(F41=8,21,IF(F41=9,12,0))))))))))+IF(G41=0,31,IF(G41=1,31,IF(G41=2,31,IF(G41=3,31,IF(G41=4,31,IF(G41=5,31,IF(G41=6,31,IF(G41=7,27,IF(G41=8,21,IF(G41=9,12,0))))))))))+IF(H41=0,31,IF(H41=1,31,IF(H41=2,31,IF(H41=3,31,IF(H41=4,31,IF(H41=5,31,IF(H41=6,31,IF(H41=7,27,IF(H41=8,21,IF(H41=9,12,0)))))))))) -> 129 | P41: =IF(E41=0,30,IF(E41=1,30,IF(E41=2,30,IF(E41=3,18,0))))+IF(F41=0,22,IF(F41=1,22,IF(F41=2,22,IF(F41=3,19,IF(F41=4,15,IF(F41=5,9,0))))))+IF(G41=0,31,IF(G41=1,31,IF(G41=2,31,IF(G41=3,31,IF(G41=4,31,IF(G41=5,31,0))))))+IF(H41=0,22,IF(H41=1,22,IF(H41=2,22,IF(H41=3,19,IF(H41=4,15,IF(H41=5,9,0)))))) -> 93 | Q41: =IF(E41=0,18,IF(E41=1,15,0))+IF(F41=0,6,IF(F41=1,6,0))+IF(G41=0,6,IF(G41=1,6,0))+IF(H41=0,6,IF(H41=1,6,0)) -> 18 | R41: Шеврон Фатуи | S41: =IF(F41=0,6,IF(F41=1,6,IF(F41=2,6,IF(F41=3,6,IF(F41=4,6,IF(F41=5,6,IF(F41=6,6,IF(F41=7,5,IF(F41=8,4,IF(F41=9,2,0))))))))))+IF(G41=0,6,IF(G41=1,6,IF(G41=2,6,IF(G41=3,6,IF(G41=4,6,IF(G41=5,6,IF(G41=6,6,IF(G41=7,5,IF(G41=8,4,IF(G41=9,2,0))))))))))+IF(H41=0,6,IF(H41=1,6,IF(H41=2,6,IF(H41=3,6,IF(H41=4,6,IF(H41=5,6,IF(H41=6,6,IF(H41=7,5,IF(H41=8,4,IF(H41=9,2,0)))))))))) -> 18 | T41: Перо из хвоста Двалина | U41: =IF(F41=10,0,1)+IF(G41=10,0,1)+IF(H41=10,0,1) -> 3 | V41: =IF(F41=0,38,IF(F41=1,38,IF(F41=2,38,IF(F41=3,38,IF(F41=4,38,IF(F41=5,38,IF(F41=6,38,IF(F41=7,34,IF(F41=8,28,IF(F41=9,16,0))))))))))+IF(G41=0,38,IF(G41=1,38,IF(G41=2,38,IF(G41=3,38,IF(G41=4,38,IF(G41=5,38,IF(G41=6,38,IF(G41=7,34,IF(G41=8,28,IF(G41=9,16,0))))))))))+IF(H41=0,38,IF(H41=1,38,IF(H41=2,38,IF(H41=3,38,IF(H41=4,38,IF(H41=5,38,IF(H41=6,38,IF(H41=7,34,IF(H41=8,28,IF(H41=9,16,0)))))))))) -> 114 | W41: =IF(F41=0,21,IF(F41=1,21,IF(F41=2,21,IF(F41=3,19,IF(F41=4,15,IF(F41=5,9,0))))))+IF(G41=0,21,IF(G41=1,21,IF(G41=2,21,IF(G41=3,19,IF(G41=4,15,IF(G41=5,21,0))))))+IF(H41=0,21,IF(H41=1,21,IF(H41=2,21,IF(H41=3,19,IF(H41=4,15,IF(H41=5,9,0)))))) -> 63 | X41: =IF(F41=0,3,IF(F41=1,3,0))+IF(G41=0,3,IF(G41=1,3,0))+IF(H41=0,3,IF(H41=1,3,0)) -> 9 | Y41: Борьба | Z41: =IF(E41=0,168,IF(E41=1,165,IF(E41=2,155,IF(E41=3,135,IF(E41=4,105,IF(E41=5,60,0)))))) -> 135 | AA41: Трава–светяшка | AB41: 1
A42: Кли | B42: 5 | C42: Мондштадт | D42: Пиро | E42: 6 | F42: 9 | G42: 6 | H42: 3 | I42: =IF(E42=6,0,6) -> 0 | J42: =IF(E42=0,9,IF(E42=1,9,IF(E42=2,9,IF(E42=3,9,IF(E42=4,6,0))))) -> 0 | K42: =IF(E42=0,9,IF(E42=1,9,IF(E42=2,6,0))) -> 0 | L42: =IF(E42=0,1,0) -> 0 | M42: =IF(E42=0,46,IF(E42=1,46,IF(E42=2,44,IF(E42=3,40,IF(E42=4,32,IF(E42=5,20,0)))))) -> 0 | N42: Пылающее семя | O42: =IF(E42=0,36,IF(E42=1,36,IF(E42=2,36,IF(E42=3,36,IF(E42=4,36,IF(E42=5,24,0))))))+IF(F42=0,31,IF(F42=1,31,IF(F42=2,31,IF(F42=3,31,IF(F42=4,31,IF(F42=5,31,IF(F42=6,31,IF(F42=7,27,IF(F42=8,21,IF(F42=9,12,0))))))))))+IF(G42=0,31,IF(G42=1,31,IF(G42=2,31,IF(G42=3,31,IF(G42=4,31,IF(G42=5,31,IF(G42=6,31,IF(G42=7,27,IF(G42=8,21,IF(G42=9,12,0))))))))))+IF(H42=0,31,IF(H42=1,31,IF(H42=2,31,IF(H42=3,31,IF(H42=4,31,IF(H42=5,31,IF(H42=6,31,IF(H42=7,27,IF(H42=8,21,IF(H42=9,12,0)))))))))) -> 74 | P42: =IF(E42=0,30,IF(E42=1,30,IF(E42=2,30,IF(E42=3,18,0))))+IF(F42=0,22,IF(F42=1,22,IF(F42=2,22,IF(F42=3,19,IF(F42=4,15,IF(F42=5,9,0))))))+IF(G42=0,31,IF(G42=1,31,IF(G42=2,31,IF(G42=3,31,IF(G42=4,31,IF(G42=5,31,0))))))+IF(H42=0,22,IF(H42=1,22,IF(H42=2,22,IF(H42=3,19,IF(H42=4,15,IF(H42=5,9,0)))))) -> 19 | Q42: =IF(E42=0,18,IF(E42=1,15,0))+IF(F42=0,6,IF(F42=1,6,0))+IF(G42=0,6,IF(G42=1,6,0))+IF(H42=0,6,IF(H42=1,6,0)) -> 0 | R42: Свиток божественной магии | S42: =IF(F42=0,6,IF(F42=1,6,IF(F42=2,6,IF(F42=3,6,IF(F42=4,6,IF(F42=5,6,IF(F42=6,6,IF(F42=7,5,IF(F42=8,4,IF(F42=9,2,0))))))))))+IF(G42=0,6,IF(G42=1,6,IF(G42=2,6,IF(G42=3,6,IF(G42=4,6,IF(G42=5,6,IF(G42=6,6,IF(G42=7,5,IF(G42=8,4,IF(G42=9,2,0))))))))))+IF(H42=0,6,IF(H42=1,6,IF(H42=2,6,IF(H42=3,6,IF(H42=4,6,IF(H42=5,6,IF(H42=6,6,IF(H42=7,5,IF(H42=8,4,IF(H42=9,2,0)))))))))) -> 14 | T42: Кольцо Борея | U42: =IF(F42=10,0,1)+IF(G42=10,0,1)+IF(H42=10,0,1) -> 3 | V42: =IF(F42=0,38,IF(F42=1,38,IF(F42=2,38,IF(F42=3,38,IF(F42=4,38,IF(F42=5,38,IF(F42=6,38,IF(F42=7,34,IF(F42=8,28,IF(F42=9,16,0))))))))))+IF(G42=0,38,IF(G42=1,38,IF(G42=2,38,IF(G42=3,38,IF(G42=4,38,IF(G42=5,38,IF(G42=6,38,IF(G42=7,34,IF(G42=8,28,IF(G42=9,16,0))))))))))+IF(H42=0,38,IF(H42=1,38,IF(H42=2,38,IF(H42=3,38,IF(H42=4,38,IF(H42=5,38,IF(H42=6,38,IF(H42=7,34,IF(H42=8,28,IF(H42=9,16,0)))))))))) -> 92 | W42: =IF(F42=0,21,IF(F42=1,21,IF(F42=2,21,IF(F42=3,19,IF(F42=4,15,IF(F42=5,9,0))))))+IF(G42=0,21,IF(G42=1,21,IF(G42=2,21,IF(G42=3,19,IF(G42=4,15,IF(G42=5,21,0))))))+IF(H42=0,21,IF(H42=1,21,IF(H42=2,21,IF(H42=3,19,IF(H42=4,15,IF(H42=5,9,0)))))) -> 19 | X42: =IF(F42=0,3,IF(F42=1,3,0))+IF(G42=0,3,IF(G42=1,3,0))+IF(H42=0,3,IF(H42=1,3,0)) -> 0 | Y42: Свобода | Z42: =IF(E42=0,168,IF(E42=1,165,IF(E42=2,155,IF(E42=3,135,IF(E42=4,105,IF(E42=5,60,0)))))) -> 0 | AA42: Грибы филанемо | AB42: 1
A43: Мона | B43: 5 | C43: Мондштадт | D43: Гидро | E43: 6 | F43: 2 | G43: 2 | H43: 9 | I43: =IF(E43=6,0,6) -> 0 | J43: =IF(E43=0,9,IF(E43=1,9,IF(E43=2,9,IF(E43=3,9,IF(E43=4,6,0))))) -> 0 | K43: =IF(E43=0,9,IF(E43=1,9,IF(E43=2,6,0))) -> 0 | L43: =IF(E43=0,1,0) -> 0 | M43: =IF(E43=0,46,IF(E43=1,46,IF(E43=2,44,IF(E43=3,40,IF(E43=4,32,IF(E43=5,20,0)))))) -> 0 | N43: Очищающее сердце | O43: =IF(E43=0,36,IF(E43=1,36,IF(E43=2,36,IF(E43=3,36,IF(E43=4,36,IF(E43=5,24,0))))))+IF(F43=0,31,IF(F43=1,31,IF(F43=2,31,IF(F43=3,31,IF(F43=4,31,IF(F43=5,31,IF(F43=6,31,IF(F43=7,27,IF(F43=8,21,IF(F43=9,12,0))))))))))+IF(G43=0,31,IF(G43=1,31,IF(G43=2,31,IF(G43=3,31,IF(G43=4,31,IF(G43=5,31,IF(G43=6,31,IF(G43=7,27,IF(G43=8,21,IF(G43=9,12,0))))))))))+IF(H43=0,31,IF(H43=1,31,IF(H43=2,31,IF(H43=3,31,IF(H43=4,31,IF(H43=5,31,IF(H43=6,31,IF(H43=7,27,IF(H43=8,21,IF(H43=9,12,0)))))))))) -> 74 | P43: =IF(E43=0,30,IF(E43=1,30,IF(E43=2,30,IF(E43=3,18,0))))+IF(F43=0,22,IF(F43=1,22,IF(F43=2,22,IF(F43=3,19,IF(F43=4,15,IF(F43=5,9,0))))))+IF(G43=0,31,IF(G43=1,31,IF(G43=2,31,IF(G43=3,31,IF(G43=4,31,IF(G43=5,31,0))))))+IF(H43=0,22,IF(H43=1,22,IF(H43=2,22,IF(H43=3,19,IF(H43=4,15,IF(H43=5,9,0)))))) -> 53 | Q43: =IF(E43=0,18,IF(E43=1,15,0))+IF(F43=0,6,IF(F43=1,6,0))+IF(G43=0,6,IF(G43=1,6,0))+IF(H43=0,6,IF(H43=1,6,0)) -> 0 | R43: Нектар попрыгуньи | S43: =IF(F43=0,6,IF(F43=1,6,IF(F43=2,6,IF(F43=3,6,IF(F43=4,6,IF(F43=5,6,IF(F43=6,6,IF(F43=7,5,IF(F43=8,4,IF(F43=9,2,0))))))))))+IF(G43=0,6,IF(G43=1,6,IF(G43=2,6,IF(G43=3,6,IF(G43=4,6,IF(G43=5,6,IF(G43=6,6,IF(G43=7,5,IF(G43=8,4,IF(G43=9,2,0))))))))))+IF(H43=0,6,IF(H43=1,6,IF(H43=2,6,IF(H43=3,6,IF(H43=4,6,IF(H43=5,6,IF(H43=6,6,IF(H43=7,5,IF(H43=8,4,IF(H43=9,2,0)))))))))) -> 14 | T43: Кольцо Борея | U43: =IF(F43=10,0,1)+IF(G43=10,0,1)+IF(H43=10,0,1) -> 3 | V43: =IF(F43=0,38,IF(F43=1,38,IF(F43=2,38,IF(F43=3,38,IF(F43=4,38,IF(F43=5,38,IF(F43=6,38,IF(F43=7,34,IF(F43=8,28,IF(F43=9,16,0))))))))))+IF(G43=0,38,IF(G43=1,38,IF(G43=2,38,IF(G43=3,38,IF(G43=4,38,IF(G43=5,38,IF(G43=6,38,IF(G43=7,34,IF(G43=8,28,IF(G43=9,16,0))))))))))+IF(H43=0,38,IF(H43=1,38,IF(H43=2,38,IF(H43=3,38,IF(H43=4,38,IF(H43=5,38,IF(H43=6,38,IF(H43=7,34,IF(H43=8,28,IF(H43=9,16,0)))))))))) -> 92 | W43: =IF(F43=0,21,IF(F43=1,21,IF(F43=2,21,IF(F43=3,19,IF(F43=4,15,IF(F43=5,9,0))))))+IF(G43=0,21,IF(G43=1,21,IF(G43=2,21,IF(G43=3,19,IF(G43=4,15,IF(G43=5,21,0))))))+IF(H43=0,21,IF(H43=1,21,IF(H43=2,21,IF(H43=3,19,IF(H43=4,15,IF(H43=5,9,0)))))) -> 42 | X43: =IF(F43=0,3,IF(F43=1,3,0))+IF(G43=0,3,IF(G43=1,3,0))+IF(H43=0,3,IF(H43=1,3,0)) -> 0 | Y43: Борьба | Z43: =IF(E43=0,168,IF(E43=1,165,IF(E43=2,155,IF(E43=3,135,IF(E43=4,105,IF(E43=5,60,0)))))) -> 0 | AA43: Грибы филанемо | AB43: 1
A44: Элой | B44: 5 | C44: Мондштадт | D44: Крио | E44: 3 | F44: 1 | G44: 1 | H44: 1 | I44: =IF(E44=6,0,6) -> 6 | J44: =IF(E44=0,9,IF(E44=1,9,IF(E44=2,9,IF(E44=3,9,IF(E44=4,6,0))))) -> 9 | K44: =IF(E44=0,9,IF(E44=1,9,IF(E44=2,6,0))) -> 0 | L44: =IF(E44=0,1,0) -> 0 | M44: =IF(E44=0,46,IF(E44=1,46,IF(E44=2,44,IF(E44=3,40,IF(E44=4,32,IF(E44=5,20,0)))))) -> 40 | N44: Цветение кристалла | O44: =IF(E44=0,36,IF(E44=1,36,IF(E44=2,36,IF(E44=3,36,IF(E44=4,36,IF(E44=5,24,0))))))+IF(F44=0,31,IF(F44=1,31,IF(F44=2,31,IF(F44=3,31,IF(F44=4,31,IF(F44=5,31,IF(F44=6,31,IF(F44=7,27,IF(F44=8,21,IF(F44=9,12,0))))))))))+IF(G44=0,31,IF(G44=1,31,IF(G44=2,31,IF(G44=3,31,IF(G44=4,31,IF(G44=5,31,IF(G44=6,31,IF(G44=7,27,IF(G44=8,21,IF(G44=9,12,0))))))))))+IF(H44=0,31,IF(H44=1,31,IF(H44=2,31,IF(H44=3,31,IF(H44=4,31,IF(H44=5,31,IF(H44=6,31,IF(H44=7,27,IF(H44=8,21,IF(H44=9,12,0)))))))))) -> 129 | P44: =IF(E44=0,30,IF(E44=1,30,IF(E44=2,30,IF(E44=3,18,0))))+IF(F44=0,22,IF(F44=1,22,IF(F44=2,22,IF(F44=3,19,IF(F44=4,15,IF(F44=5,9,0))))))+IF(G44=0,31,IF(G44=1,31,IF(G44=2,31,IF(G44=3,31,IF(G44=4,31,IF(G44=5,31,0))))))+IF(H44=0,22,IF(H44=1,22,IF(H44=2,22,IF(H44=3,19,IF(H44=4,15,IF(H44=5,9,0)))))) -> 93 | Q44: =IF(E44=0,18,IF(E44=1,15,0))+IF(F44=0,6,IF(F44=1,6,0))+IF(G44=0,6,IF(G44=1,6,0))+IF(H44=0,6,IF(H44=1,6,0)) -> 18 | R44: Призрачная оболочка | S44: =IF(F44=0,6,IF(F44=1,6,IF(F44=2,6,IF(F44=3,6,IF(F44=4,6,IF(F44=5,6,IF(F44=6,6,IF(F44=7,5,IF(F44=8,4,IF(F44=9,2,0))))))))))+IF(G44=0,6,IF(G44=1,6,IF(G44=2,6,IF(G44=3,6,IF(G44=4,6,IF(G44=5,6,IF(G44=6,6,IF(G44=7,5,IF(G44=8,4,IF(G44=9,2,0))))))))))+IF(H44=0,6,IF(H44=1,6,IF(H44=2,6,IF(H44=3,6,IF(H44=4,6,IF(H44=5,6,IF(H44=6,6,IF(H44=7,5,IF(H44=8,4,IF(H44=9,2,0)))))))))) -> 18 | T44: Расплавленный миг | U44: =IF(F44=10,0,1)+IF(G44=10,0,1)+IF(H44=10,0,1) -> 3 | V44: =IF(F44=0,38,IF(F44=1,38,IF(F44=2,38,IF(F44=3,38,IF(F44=4,38,IF(F44=5,38,IF(F44=6,38,IF(F44=7,34,IF(F44=8,28,IF(F44=9,16,0))))))))))+IF(G44=0,38,IF(G44=1,38,IF(G44=2,38,IF(G44=3,38,IF(G44=4,38,IF(G44=5,38,IF(G44=6,38,IF(G44=7,34,IF(G44=8,28,IF(G44=9,16,0))))))))))+IF(H44=0,38,IF(H44=1,38,IF(H44=2,38,IF(H44=3,38,IF(H44=4,38,IF(H44=5,38,IF(H44=6,38,IF(H44=7,34,IF(H44=8,28,IF(H44=9,16,0)))))))))) -> 114 | W44: =IF(F44=0,21,IF(F44=1,21,IF(F44=2,21,IF(F44=3,19,IF(F44=4,15,IF(F44=5,9,0))))))+IF(G44=0,21,IF(G44=1,21,IF(G44=2,21,IF(G44=3,19,IF(G44=4,15,IF(G44=5,21,0))))))+IF(H44=0,21,IF(H44=1,21,IF(H44=2,21,IF(H44=3,19,IF(H44=4,15,IF(H44=5,9,0)))))) -> 63 | X44: =IF(F44=0,3,IF(F44=1,3,0))+IF(G44=0,3,IF(G44=1,3,0))+IF(H44=0,3,IF(H44=1,3,0)) -> 9 | Y44: Свобода | Z44: =IF(E44=0,168,IF(E44=1,165,IF(E44=2,155,IF(E44=3,135,IF(E44=4,105,IF(E44=5,60,0)))))) -> 135 | AA44: Кристальный костный мозг | AB44: 0
A45: Эола | B45: 5 | C45: Мондштадт | D45: Крио | E45: 0 | F45: 0 | G45: 0 | H45: 0 | I45: =IF(E45=6,0,6) -> 6 | J45: =IF(E45=0,9,IF(E45=1,9,IF(E45=2,9,IF(E45=3,9,IF(E45=4,6,0))))) -> 9 | K45: =IF(E45=0,9,IF(E45=1,9,IF(E45=2,6,0))) -> 9 | L45: =IF(E45=0,1,0) -> 1 | M45: =IF(E45=0,46,IF(E45=1,46,IF(E45=2,44,IF(E45=3,40,IF(E45=4,32,IF(E45=5,20,0)))))) -> 46 | N45: Цветение кристалла | O45: =IF(E45=0,36,IF(E45=1,36,IF(E45=2,36,IF(E45=3,36,IF(E45=4,36,IF(E45=5,24,0))))))+IF(F45=0,31,IF(F45=1,31,IF(F45=2,31,IF(F45=3,31,IF(F45=4,31,IF(F45=5,31,IF(F45=6,31,IF(F45=7,27,IF(F45=8,21,IF(F45=9,12,0))))))))))+IF(G45=0,31,IF(G45=1,31,IF(G45=2,31,IF(G45=3,31,IF(G45=4,31,IF(G45=5,31,IF(G45=6,31,IF(G45=7,27,IF(G45=8,21,IF(G45=9,12,0))))))))))+IF(H45=0,31,IF(H45=1,31,IF(H45=2,31,IF(H45=3,31,IF(H45=4,31,IF(H45=5,31,IF(H45=6,31,IF(H45=7,27,IF(H45=8,21,IF(H45=9,12,0)))))))))) -> 129 | P45: =IF(E45=0,30,IF(E45=1,30,IF(E45=2,30,IF(E45=3,18,0))))+IF(F45=0,22,IF(F45=1,22,IF(F45=2,22,IF(F45=3,19,IF(F45=4,15,IF(F45=5,9,0))))))+IF(G45=0,31,IF(G45=1,31,IF(G45=2,31,IF(G45=3,31,IF(G45=4,31,IF(G45=5,31,0))))))+IF(H45=0,22,IF(H45=1,22,IF(H45=2,22,IF(H45=3,19,IF(H45=4,15,IF(H45=5,9,0)))))) -> 105 | Q45: =IF(E45=0,18,IF(E45=1,15,0))+IF(F45=0,6,IF(F45=1,6,0))+IF(G45=0,6,IF(G45=1,6,0))+IF(H45=0,6,IF(H45=1,6,0)) -> 36 | R45: Разбитая маска | S45: =IF(F45=0,6,IF(F45=1,6,IF(F45=2,6,IF(F45=3,6,IF(F45=4,6,IF(F45=5,6,IF(F45=6,6,IF(F45=7,5,IF(F45=8,4,IF(F45=9,2,0))))))))))+IF(G45=0,6,IF(G45=1,6,IF(G45=2,6,IF(G45=3,6,IF(G45=4,6,IF(G45=5,6,IF(G45=6,6,IF(G45=7,5,IF(G45=8,4,IF(G45=9,2,0))))))))))+IF(H45=0,6,IF(H45=1,6,IF(H45=2,6,IF(H45=3,6,IF(H45=4,6,IF(H45=5,6,IF(H45=6,6,IF(H45=7,5,IF(H45=8,4,IF(H45=9,2,0)))))))))) -> 18 | T45: Корона лорда драконов | U45: =IF(F45=10,0,1)+IF(G45=10,0,1)+IF(H45=10,0,1) -> 3 | V45: =IF(F45=0,38,IF(F45=1,38,IF(F45=2,38,IF(F45=3,38,IF(F45=4,38,IF(F45=5,38,IF(F45=6,38,IF(F45=7,34,IF(F45=8,28,IF(F45=9,16,0))))))))))+IF(G45=0,38,IF(G45=1,38,IF(G45=2,38,IF(G45=3,38,IF(G45=4,38,IF(G45=5,38,IF(G45=6,38,IF(G45=7,34,IF(G45=8,28,IF(G45=9,16,0))))))))))+IF(H45=0,38,IF(H45=1,38,IF(H45=2,38,IF(H45=3,38,IF(H45=4,38,IF(H45=5,38,IF(H45=6,38,IF(H45=7,34,IF(H45=8,28,IF(H45=9,16,0)))))))))) -> 114 | W45: =IF(F45=0,21,IF(F45=1,21,IF(F45=2,21,IF(F45=3,19,IF(F45=4,15,IF(F45=5,9,0))))))+IF(G45=0,21,IF(G45=1,21,IF(G45=2,21,IF(G45=3,19,IF(G45=4,15,IF(G45=5,21,0))))))+IF(H45=0,21,IF(H45=1,21,IF(H45=2,21,IF(H45=3,19,IF(H45=4,15,IF(H45=5,9,0)))))) -> 63 | X45: =IF(F45=0,3,IF(F45=1,3,0))+IF(G45=0,3,IF(G45=1,3,0))+IF(H45=0,3,IF(H45=1,3,0)) -> 9 | Y45: Борьба | Z45: =IF(E45=0,168,IF(E45=1,165,IF(E45=2,155,IF(E45=3,135,IF(E45=4,105,IF(E45=5,60,0)))))) -> 168 | AA45: Семена одуванчика | AB45: 1
A46: Барбара | B46: 4 | C46: Мондштадт | D46: Гидро | E46: 3 | F46: 2 | G46: 2 | H46: 1 | I46: =IF(E46=6,0,6) -> 6 | J46: =IF(E46=0,9,IF(E46=1,9,IF(E46=2,9,IF(E46=3,9,IF(E46=4,6,0))))) -> 9 | K46: =IF(E46=0,9,IF(E46=1,9,IF(E46=2,6,0))) -> 0 | L46: =IF(E46=0,1,0) -> 0 | M46: =IF(E46=0,46,IF(E46=1,46,IF(E46=2,44,IF(E46=3,40,IF(E46=4,32,IF(E46=5,20,0)))))) -> 40 | N46: Очищающее сердце | O46: =IF(E46=0,36,IF(E46=1,36,IF(E46=2,36,IF(E46=3,36,IF(E46=4,36,IF(E46=5,24,0))))))+IF(F46=0,31,IF(F46=1,31,IF(F46=2,31,IF(F46=3,31,IF(F46=4,31,IF(F46=5,31,IF(F46=6,31,IF(F46=7,27,IF(F46=8,21,IF(F46=9,12,0))))))))))+IF(G46=0,31,IF(G46=1,31,IF(G46=2,31,IF(G46=3,31,IF(G46=4,31,IF(G46=5,31,IF(G46=6,31,IF(G46=7,27,IF(G46=8,21,IF(G46=9,12,0))))))))))+IF(H46=0,31,IF(H46=1,31,IF(H46=2,31,IF(H46=3,31,IF(H46=4,31,IF(H46=5,31,IF(H46=6,31,IF(H46=7,27,IF(H46=8,21,IF(H46=9,12,0)))))))))) -> 129 | P46: =IF(E46=0,30,IF(E46=1,30,IF(E46=2,30,IF(E46=3,18,0))))+IF(F46=0,22,IF(F46=1,22,IF(F46=2,22,IF(F46=3,19,IF(F46=4,15,IF(F46=5,9,0))))))+IF(G46=0,31,IF(G46=1,31,IF(G46=2,31,IF(G46=3,31,IF(G46=4,31,IF(G46=5,31,0))))))+IF(H46=0,22,IF(H46=1,22,IF(H46=2,22,IF(H46=3,19,IF(H46=4,15,IF(H46=5,9,0)))))) -> 93 | Q46: =IF(E46=0,18,IF(E46=1,15,0))+IF(F46=0,6,IF(F46=1,6,0))+IF(G46=0,6,IF(G46=1,6,0))+IF(H46=0,6,IF(H46=1,6,0)) -> 6 | R46: Свиток божественной магии | S46: =IF(F46=0,6,IF(F46=1,6,IF(F46=2,6,IF(F46=3,6,IF(F46=4,6,IF(F46=5,6,IF(F46=6,6,IF(F46=7,5,IF(F46=8,4,IF(F46=9,2,0))))))))))+IF(G46=0,6,IF(G46=1,6,IF(G46=2,6,IF(G46=3,6,IF(G46=4,6,IF(G46=5,6,IF(G46=6,6,IF(G46=7,5,IF(G46=8,4,IF(G46=9,2,0))))))))))+IF(H46=0,6,IF(H46=1,6,IF(H46=2,6,IF(H46=3,6,IF(H46=4,6,IF(H46=5,6,IF(H46=6,6,IF(H46=7,5,IF(H46=8,4,IF(H46=9,2,0)))))))))) -> 18 | T46: Кольцо Борея | U46: =IF(F46=10,0,1)+IF(G46=10,0,1)+IF(H46=10,0,1) -> 3 | V46: =IF(F46=0,38,IF(F46=1,38,IF(F46=2,38,IF(F46=3,38,IF(F46=4,38,IF(F46=5,38,IF(F46=6,38,IF(F46=7,34,IF(F46=8,28,IF(F46=9,16,0))))))))))+IF(G46=0,38,IF(G46=1,38,IF(G46=2,38,IF(G46=3,38,IF(G46=4,38,IF(G46=5,38,IF(G46=6,38,IF(G46=7,34,IF(G46=8,28,IF(G46=9,16,0))))))))))+IF(H46=0,38,IF(H46=1,38,IF(H46=2,38,IF(H46=3,38,IF(H46=4,38,IF(H46=5,38,IF(H46=6,38,IF(H46=7,34,IF(H46=8,28,IF(H46=9,16,0)))))))))) -> 114 | W46: =IF(F46=0,21,IF(F46=1,21,IF(F46=2,21,IF(F46=3,19,IF(F46=4,15,IF(F46=5,9,0))))))+IF(G46=0,21,IF(G46=1,21,IF(G46=2,21,IF(G46=3,19,IF(G46=4,15,IF(G46=5,21,0))))))+IF(H46=0,21,IF(H46=1,21,IF(H46=2,21,IF(H46=3,19,IF(H46=4,15,IF(H46=5,9,0)))))) -> 63 | X46: =IF(F46=0,3,IF(F46=1,3,0))+IF(G46=0,3,IF(G46=1,3,0))+IF(H46=0,3,IF(H46=1,3,0)) -> 3 | Y46: Свобода | Z46: =IF(E46=0,168,IF(E46=1,165,IF(E46=2,155,IF(E46=3,135,IF(E46=4,105,IF(E46=5,60,0)))))) -> 135 | AA46: Грибы филанемо | AB46: 1
A47: Беннет | B47: 4 | C47: Мондштадт | D47: Пиро | E47: 6 | F47: 2 | G47: 5 | H47: 10 | I47: =IF(E47=6,0,6) -> 0 | J47: =IF(E47=0,9,IF(E47=1,9,IF(E47=2,9,IF(E47=3,9,IF(E47=4,6,0))))) -> 0 | K47: =IF(E47=0,9,IF(E47=1,9,IF(E47=2,6,0))) -> 0 | L47: =IF(E47=0,1,0) -> 0 | M47: =IF(E47=0,46,IF(E47=1,46,IF(E47=2,44,IF(E47=3,40,IF(E47=4,32,IF(E47=5,20,0)))))) -> 0 | N47: Пылающее семя | O47: =IF(E47=0,36,IF(E47=1,36,IF(E47=2,36,IF(E47=3,36,IF(E47=4,36,IF(E47=5,24,0))))))+IF(F47=0,31,IF(F47=1,31,IF(F47=2,31,IF(F47=3,31,IF(F47=4,31,IF(F47=5,31,IF(F47=6,31,IF(F47=7,27,IF(F47=8,21,IF(F47=9,12,0))))))))))+IF(G47=0,31,IF(G47=1,31,IF(G47=2,31,IF(G47=3,31,IF(G47=4,31,IF(G47=5,31,IF(G47=6,31,IF(G47=7,27,IF(G47=8,21,IF(G47=9,12,0))))))))))+IF(H47=0,31,IF(H47=1,31,IF(H47=2,31,IF(H47=3,31,IF(H47=4,31,IF(H47=5,31,IF(H47=6,31,IF(H47=7,27,IF(H47=8,21,IF(H47=9,12,0)))))))))) -> 62 | P47: =IF(E47=0,30,IF(E47=1,30,IF(E47=2,30,IF(E47=3,18,0))))+IF(F47=0,22,IF(F47=1,22,IF(F47=2,22,IF(F47=3,19,IF(F47=4,15,IF(F47=5,9,0))))))+IF(G47=0,31,IF(G47=1,31,IF(G47=2,31,IF(G47=3,31,IF(G47=4,31,IF(G47=5,31,0))))))+IF(H47=0,22,IF(H47=1,22,IF(H47=2,22,IF(H47=3,19,IF(H47=4,15,IF(H47=5,9,0)))))) -> 53 | Q47: =IF(E47=0,18,IF(E47=1,15,0))+IF(F47=0,6,IF(F47=1,6,0))+IF(G47=0,6,IF(G47=1,6,0))+IF(H47=0,6,IF(H47=1,6,0)) -> 0 | R47: Печать Похитителей сокровищ | S47: =IF(F47=0,6,IF(F47=1,6,IF(F47=2,6,IF(F47=3,6,IF(F47=4,6,IF(F47=5,6,IF(F47=6,6,IF(F47=7,5,IF(F47=8,4,IF(F47=9,2,0))))))))))+IF(G47=0,6,IF(G47=1,6,IF(G47=2,6,IF(G47=3,6,IF(G47=4,6,IF(G47=5,6,IF(G47=6,6,IF(G47=7,5,IF(G47=8,4,IF(G47=9,2,0))))))))))+IF(H47=0,6,IF(H47=1,6,IF(H47=2,6,IF(H47=3,6,IF(H47=4,6,IF(H47=5,6,IF(H47=6,6,IF(H47=7,5,IF(H47=8,4,IF(H47=9,2,0)))))))))) -> 12 | T47: Перо из хвоста Двалина | U47: =IF(F47=10,0,1)+IF(G47=10,0,1)+IF(H47=10,0,1) -> 2 | V47: =IF(F47=0,38,IF(F47=1,38,IF(F47=2,38,IF(F47=3,38,IF(F47=4,38,IF(F47=5,38,IF(F47=6,38,IF(F47=7,34,IF(F47=8,28,IF(F47=9,16,0))))))))))+IF(G47=0,38,IF(G47=1,38,IF(G47=2,38,IF(G47=3,38,IF(G47=4,38,IF(G47=5,38,IF(G47=6,38,IF(G47=7,34,IF(G47=8,28,IF(G47=9,16,0))))))))))+IF(H47=0,38,IF(H47=1,38,IF(H47=2,38,IF(H47=3,38,IF(H47=4,38,IF(H47=5,38,IF(H47=6,38,IF(H47=7,34,IF(H47=8,28,IF(H47=9,16,0)))))))))) -> 76 | W47: =IF(F47=0,21,IF(F47=1,21,IF(F47=2,21,IF(F47=3,19,IF(F47=4,15,IF(F47=5,9,0))))))+IF(G47=0,21,IF(G47=1,21,IF(G47=2,21,IF(G47=3,19,IF(G47=4,15,IF(G47=5,21,0))))))+IF(H47=0,21,IF(H47=1,21,IF(H47=2,21,IF(H47=3,19,IF(H47=4,15,IF(H47=5,9,0)))))) -> 42 | X47: =IF(F47=0,3,IF(F47=1,3,0))+IF(G47=0,3,IF(G47=1,3,0))+IF(H47=0,3,IF(H47=1,3,0)) -> 0 | Y47: Борьба | Z47: =IF(E47=0,168,IF(E47=1,165,IF(E47=2,155,IF(E47=3,135,IF(E47=4,105,IF(E47=5,60,0)))))) -> 0 | AA47: Ветряная астра | AB47: 1
A48: Диона | B48: 4 | C48: Мондштадт | D48: Крио | E48: 3 | F48: 1 | G48: 1 | H48: 1 | I48: =IF(E48=6,0,6) -> 6 | J48: =IF(E48=0,9,IF(E48=1,9,IF(E48=2,9,IF(E48=3,9,IF(E48=4,6,0))))) -> 9 | K48: =IF(E48=0,9,IF(E48=1,9,IF(E48=2,6,0))) -> 0 | L48: =IF(E48=0,1,0) -> 0 | M48: =IF(E48=0,46,IF(E48=1,46,IF(E48=2,44,IF(E48=3,40,IF(E48=4,32,IF(E48=5,20,0)))))) -> 40 | N48: Инеевое ядро | O48: =IF(E48=0,36,IF(E48=1,36,IF(E48=2,36,IF(E48=3,36,IF(E48=4,36,IF(E48=5,24,0))))))+IF(F48=0,31,IF(F48=1,31,IF(F48=2,31,IF(F48=3,31,IF(F48=4,31,IF(F48=5,31,IF(F48=6,31,IF(F48=7,27,IF(F48=8,21,IF(F48=9,12,0))))))))))+IF(G48=0,31,IF(G48=1,31,IF(G48=2,31,IF(G48=3,31,IF(G48=4,31,IF(G48=5,31,IF(G48=6,31,IF(G48=7,27,IF(G48=8,21,IF(G48=9,12,0))))))))))+IF(H48=0,31,IF(H48=1,31,IF(H48=2,31,IF(H48=3,31,IF(H48=4,31,IF(H48=5,31,IF(H48=6,31,IF(H48=7,27,IF(H48=8,21,IF(H48=9,12,0)))))))))) -> 129 | P48: =IF(E48=0,30,IF(E48=1,30,IF(E48=2,30,IF(E48=3,18,0))))+IF(F48=0,22,IF(F48=1,22,IF(F48=2,22,IF(F48=3,19,IF(F48=4,15,IF(F48=5,9,0))))))+IF(G48=0,31,IF(G48=1,31,IF(G48=2,31,IF(G48=3,31,IF(G48=4,31,IF(G48=5,31,0))))))+IF(H48=0,22,IF(H48=1,22,IF(H48=2,22,IF(H48=3,19,IF(H48=4,15,IF(H48=5,9,0)))))) -> 93 | Q48: =IF(E48=0,18,IF(E48=1,15,0))+IF(F48=0,6,IF(F48=1,6,0))+IF(G48=0,6,IF(G48=1,6,0))+IF(H48=0,6,IF(H48=1,6,0)) -> 18 | R48: Прочный наконечник стрелы | S48: =IF(F48=0,6,IF(F48=1,6,IF(F48=2,6,IF(F48=3,6,IF(F48=4,6,IF(F48=5,6,IF(F48=6,6,IF(F48=7,5,IF(F48=8,4,IF(F48=9,2,0))))))))))+IF(G48=0,6,IF(G48=1,6,IF(G48=2,6,IF(G48=3,6,IF(G48=4,6,IF(G48=5,6,IF(G48=6,6,IF(G48=7,5,IF(G48=8,4,IF(G48=9,2,0))))))))))+IF(H48=0,6,IF(H48=1,6,IF(H48=2,6,IF(H48=3,6,IF(H48=4,6,IF(H48=5,6,IF(H48=6,6,IF(H48=7,5,IF(H48=8,4,IF(H48=9,2,0)))))))))) -> 18 | T48: Осколок дьявольского меча | U48: =IF(F48=10,0,1)+IF(G48=10,0,1)+IF(H48=10,0,1) -> 3 | V48: =IF(F48=0,38,IF(F48=1,38,IF(F48=2,38,IF(F48=3,38,IF(F48=4,38,IF(F48=5,38,IF(F48=6,38,IF(F48=7,34,IF(F48=8,28,IF(F48=9,16,0))))))))))+IF(G48=0,38,IF(G48=1,38,IF(G48=2,38,IF(G48=3,38,IF(G48=4,38,IF(G48=5,38,IF(G48=6,38,IF(G48=7,34,IF(G48=8,28,IF(G48=9,16,0))))))))))+IF(H48=0,38,IF(H48=1,38,IF(H48=2,38,IF(H48=3,38,IF(H48=4,38,IF(H48=5,38,IF(H48=6,38,IF(H48=7,34,IF(H48=8,28,IF(H48=9,16,0)))))))))) -> 114 | W48: =IF(F48=0,21,IF(F48=1,21,IF(F48=2,21,IF(F48=3,19,IF(F48=4,15,IF(F48=5,9,0))))))+IF(G48=0,21,IF(G48=1,21,IF(G48=2,21,IF(G48=3,19,IF(G48=4,15,IF(G48=5,21,0))))))+IF(H48=0,21,IF(H48=1,21,IF(H48=2,21,IF(H48=3,19,IF(H48=4,15,IF(H48=5,9,0)))))) -> 63 | X48: =IF(F48=0,3,IF(F48=1,3,0))+IF(G48=0,3,IF(G48=1,3,0))+IF(H48=0,3,IF(H48=1,3,0)) -> 9 | Y48: Свобода | Z48: =IF(E48=0,168,IF(E48=1,165,IF(E48=2,155,IF(E48=3,135,IF(E48=4,105,IF(E48=5,60,0)))))) -> 135 | AA48: Лилия калла | AB48: 1
A49: Кэйа | B49: 4 | C49: Мондштадт | D49: Крио | E49: 6 | F49: 10 | G49: 8 | H49: 5 | I49: =IF(E49=6,0,6) -> 0 | J49: =IF(E49=0,9,IF(E49=1,9,IF(E49=2,9,IF(E49=3,9,IF(E49=4,6,0))))) -> 0 | K49: =IF(E49=0,9,IF(E49=1,9,IF(E49=2,6,0))) -> 0 | L49: =IF(E49=0,1,0) -> 0 | M49: =IF(E49=0,46,IF(E49=1,46,IF(E49=2,44,IF(E49=3,40,IF(E49=4,32,IF(E49=5,20,0)))))) -> 0 | N49: Инеевое ядро | O49: =IF(E49=0,36,IF(E49=1,36,IF(E49=2,36,IF(E49=3,36,IF(E49=4,36,IF(E49=5,24,0))))))+IF(F49=0,31,IF(F49=1,31,IF(F49=2,31,IF(F49=3,31,IF(F49=4,31,IF(F49=5,31,IF(F49=6,31,IF(F49=7,27,IF(F49=8,21,IF(F49=9,12,0))))))))))+IF(G49=0,31,IF(G49=1,31,IF(G49=2,31,IF(G49=3,31,IF(G49=4,31,IF(G49=5,31,IF(G49=6,31,IF(G49=7,27,IF(G49=8,21,IF(G49=9,12,0))))))))))+IF(H49=0,31,IF(H49=1,31,IF(H49=2,31,IF(H49=3,31,IF(H49=4,31,IF(H49=5,31,IF(H49=6,31,IF(H49=7,27,IF(H49=8,21,IF(H49=9,12,0)))))))))) -> 52 | P49: =IF(E49=0,30,IF(E49=1,30,IF(E49=2,30,IF(E49=3,18,0))))+IF(F49=0,22,IF(F49=1,22,IF(F49=2,22,IF(F49=3,19,IF(F49=4,15,IF(F49=5,9,0))))))+IF(G49=0,31,IF(G49=1,31,IF(G49=2,31,IF(G49=3,31,IF(G49=4,31,IF(G49=5,31,0))))))+IF(H49=0,22,IF(H49=1,22,IF(H49=2,22,IF(H49=3,19,IF(H49=4,15,IF(H49=5,9,0)))))) -> 9 | Q49: =IF(E49=0,18,IF(E49=1,15,0))+IF(F49=0,6,IF(F49=1,6,0))+IF(G49=0,6,IF(G49=1,6,0))+IF(H49=0,6,IF(H49=1,6,0)) -> 0 | R49: Печать Похитителей сокровищ | S49: =IF(F49=0,6,IF(F49=1,6,IF(F49=2,6,IF(F49=3,6,IF(F49=4,6,IF(F49=5,6,IF(F49=6,6,IF(F49=7,5,IF(F49=8,4,IF(F49=9,2,0))))))))))+IF(G49=0,6,IF(G49=1,6,IF(G49=2,6,IF(G49=3,6,IF(G49=4,6,IF(G49=5,6,IF(G49=6,6,IF(G49=7,5,IF(G49=8,4,IF(G49=9,2,0))))))))))+IF(H49=0,6,IF(H49=1,6,IF(H49=2,6,IF(H49=3,6,IF(H49=4,6,IF(H49=5,6,IF(H49=6,6,IF(H49=7,5,IF(H49=8,4,IF(H49=9,2,0)))))))))) -> 10 | T49: Шкатулка с духом Борея | U49: =IF(F49=10,0,1)+IF(G49=10,0,1)+IF(H49=10,0,1) -> 2 | V49: =IF(F49=0,38,IF(F49=1,38,IF(F49=2,38,IF(F49=3,38,IF(F49=4,38,IF(F49=5,38,IF(F49=6,38,IF(F49=7,34,IF(F49=8,28,IF(F49=9,16,0))))))))))+IF(G49=0,38,IF(G49=1,38,IF(G49=2,38,IF(G49=3,38,IF(G49=4,38,IF(G49=5,38,IF(G49=6,38,IF(G49=7,34,IF(G49=8,28,IF(G49=9,16,0))))))))))+IF(H49=0,38,IF(H49=1,38,IF(H49=2,38,IF(H49=3,38,IF(H49=4,38,IF(H49=5,38,IF(H49=6,38,IF(H49=7,34,IF(H49=8,28,IF(H49=9,16,0)))))))))) -> 66 | W49: =IF(F49=0,21,IF(F49=1,21,IF(F49=2,21,IF(F49=3,19,IF(F49=4,15,IF(F49=5,9,0))))))+IF(G49=0,21,IF(G49=1,21,IF(G49=2,21,IF(G49=3,19,IF(G49=4,15,IF(G49=5,21,0))))))+IF(H49=0,21,IF(H49=1,21,IF(H49=2,21,IF(H49=3,19,IF(H49=4,15,IF(H49=5,9,0)))))) -> 9 | X49: =IF(F49=0,3,IF(F49=1,3,0))+IF(G49=0,3,IF(G49=1,3,0))+IF(H49=0,3,IF(H49=1,3,0)) -> 0 | Y49: Поэзия | Z49: =IF(E49=0,168,IF(E49=1,165,IF(E49=2,155,IF(E49=3,135,IF(E49=4,105,IF(E49=5,60,0)))))) -> 0 | AA49: Лилия калла | AB49: 1
A50: Лиза | B50: 4 | C50: Мондштадт | D50: Электро | E50: 3 | F50: 2 | G50: 2 | H50: 2 | I50: =IF(E50=6,0,6) -> 6 | J50: =IF(E50=0,9,IF(E50=1,9,IF(E50=2,9,IF(E50=3,9,IF(E50=4,6,0))))) -> 9 | K50: =IF(E50=0,9,IF(E50=1,9,IF(E50=2,6,0))) -> 0 | L50: =IF(E50=0,1,0) -> 0 | M50: =IF(E50=0,46,IF(E50=1,46,IF(E50=2,44,IF(E50=3,40,IF(E50=4,32,IF(E50=5,20,0)))))) -> 40 | N50: Призма молнии | O50: =IF(E50=0,36,IF(E50=1,36,IF(E50=2,36,IF(E50=3,36,IF(E50=4,36,IF(E50=5,24,0))))))+IF(F50=0,31,IF(F50=1,31,IF(F50=2,31,IF(F50=3,31,IF(F50=4,31,IF(F50=5,31,IF(F50=6,31,IF(F50=7,27,IF(F50=8,21,IF(F50=9,12,0))))))))))+IF(G50=0,31,IF(G50=1,31,IF(G50=2,31,IF(G50=3,31,IF(G50=4,31,IF(G50=5,31,IF(G50=6,31,IF(G50=7,27,IF(G50=8,21,IF(G50=9,12,0))))))))))+IF(H50=0,31,IF(H50=1,31,IF(H50=2,31,IF(H50=3,31,IF(H50=4,31,IF(H50=5,31,IF(H50=6,31,IF(H50=7,27,IF(H50=8,21,IF(H50=9,12,0)))))))))) -> 129 | P50: =IF(E50=0,30,IF(E50=1,30,IF(E50=2,30,IF(E50=3,18,0))))+IF(F50=0,22,IF(F50=1,22,IF(F50=2,22,IF(F50=3,19,IF(F50=4,15,IF(F50=5,9,0))))))+IF(G50=0,31,IF(G50=1,31,IF(G50=2,31,IF(G50=3,31,IF(G50=4,31,IF(G50=5,31,0))))))+IF(H50=0,22,IF(H50=1,22,IF(H50=2,22,IF(H50=3,19,IF(H50=4,15,IF(H50=5,9,0)))))) -> 93 | Q50: =IF(E50=0,18,IF(E50=1,15,0))+IF(F50=0,6,IF(F50=1,6,0))+IF(G50=0,6,IF(G50=1,6,0))+IF(H50=0,6,IF(H50=1,6,0)) -> 0 | R50: Слизь слайма | S50: =IF(F50=0,6,IF(F50=1,6,IF(F50=2,6,IF(F50=3,6,IF(F50=4,6,IF(F50=5,6,IF(F50=6,6,IF(F50=7,5,IF(F50=8,4,IF(F50=9,2,0))))))))))+IF(G50=0,6,IF(G50=1,6,IF(G50=2,6,IF(G50=3,6,IF(G50=4,6,IF(G50=5,6,IF(G50=6,6,IF(G50=7,5,IF(G50=8,4,IF(G50=9,2,0))))))))))+IF(H50=0,6,IF(H50=1,6,IF(H50=2,6,IF(H50=3,6,IF(H50=4,6,IF(H50=5,6,IF(H50=6,6,IF(H50=7,5,IF(H50=8,4,IF(H50=9,2,0)))))))))) -> 18 | T50: Коготь Двалина | U50: =IF(F50=10,0,1)+IF(G50=10,0,1)+IF(H50=10,0,1) -> 3 | V50: =IF(F50=0,38,IF(F50=1,38,IF(F50=2,38,IF(F50=3,38,IF(F50=4,38,IF(F50=5,38,IF(F50=6,38,IF(F50=7,34,IF(F50=8,28,IF(F50=9,16,0))))))))))+IF(G50=0,38,IF(G50=1,38,IF(G50=2,38,IF(G50=3,38,IF(G50=4,38,IF(G50=5,38,IF(G50=6,38,IF(G50=7,34,IF(G50=8,28,IF(G50=9,16,0))))))))))+IF(H50=0,38,IF(H50=1,38,IF(H50=2,38,IF(H50=3,38,IF(H50=4,38,IF(H50=5,38,IF(H50=6,38,IF(H50=7,34,IF(H50=8,28,IF(H50=9,16,0)))))))))) -> 114 | W50: =IF(F50=0,21,IF(F50=1,21,IF(F50=2,21,IF(F50=3,19,IF(F50=4,15,IF(F50=5,9,0))))))+IF(G50=0,21,IF(G50=1,21,IF(G50=2,21,IF(G50=3,19,IF(G50=4,15,IF(G50=5,21,0))))))+IF(H50=0,21,IF(H50=1,21,IF(H50=2,21,IF(H50=3,19,IF(H50=4,15,IF(H50=5,9,0)))))) -> 63 | X50: =IF(F50=0,3,IF(F50=1,3,0))+IF(G50=0,3,IF(G50=1,3,0))+IF(H50=0,3,IF(H50=1,3,0)) -> 0 | Y50: Поэзия | Z50: =IF(E50=0,168,IF(E50=1,165,IF(E50=2,155,IF(E50=3,135,IF(E50=4,105,IF(E50=5,60,0)))))) -> 135 | AA50: Валяшка
A51: Мика | B51: 4 | C51: Мондштадт | D51: Крио | E51: 1 | F51: 1 | G51: 1 | H51: 1 | I51: =IF(E51=6,0,6) -> 6 | J51: =IF(E51=0,9,IF(E51=1,9,IF(E51=2,9,IF(E51=3,9,IF(E51=4,6,0))))) -> 9 | K51: =IF(E51=0,9,IF(E51=1,9,IF(E51=2,6,0))) -> 9 | L51: =IF(E51=0,1,0) -> 0 | M51: =IF(E51=0,46,IF(E51=1,46,IF(E51=2,44,IF(E51=3,40,IF(E51=4,32,IF(E51=5,20,0)))))) -> 46 | N51: Псевдотычинки | O51: =IF(E51=0,36,IF(E51=1,36,IF(E51=2,36,IF(E51=3,36,IF(E51=4,36,IF(E51=5,24,0))))))+IF(F51=0,31,IF(F51=1,31,IF(F51=2,31,IF(F51=3,31,IF(F51=4,31,IF(F51=5,31,IF(F51=6,31,IF(F51=7,27,IF(F51=8,21,IF(F51=9,12,0))))))))))+IF(G51=0,31,IF(G51=1,31,IF(G51=2,31,IF(G51=3,31,IF(G51=4,31,IF(G51=5,31,IF(G51=6,31,IF(G51=7,27,IF(G51=8,21,IF(G51=9,12,0))))))))))+IF(H51=0,31,IF(H51=1,31,IF(H51=2,31,IF(H51=3,31,IF(H51=4,31,IF(H51=5,31,IF(H51=6,31,IF(H51=7,27,IF(H51=8,21,IF(H51=9,12,0)))))))))) -> 129 | P51: =IF(E51=0,30,IF(E51=1,30,IF(E51=2,30,IF(E51=3,18,0))))+IF(F51=0,22,IF(F51=1,22,IF(F51=2,22,IF(F51=3,19,IF(F51=4,15,IF(F51=5,9,0))))))+IF(G51=0,31,IF(G51=1,31,IF(G51=2,31,IF(G51=3,31,IF(G51=4,31,IF(G51=5,31,0))))))+IF(H51=0,22,IF(H51=1,22,IF(H51=2,22,IF(H51=3,19,IF(H51=4,15,IF(H51=5,9,0)))))) -> 105 | Q51: =IF(E51=0,18,IF(E51=1,15,0))+IF(F51=0,6,IF(F51=1,6,0))+IF(G51=0,6,IF(G51=1,6,0))+IF(H51=0,6,IF(H51=1,6,0)) -> 33 | R51: Шеврон Фатуи | S51: =IF(F51=0,6,IF(F51=1,6,IF(F51=2,6,IF(F51=3,6,IF(F51=4,6,IF(F51=5,6,IF(F51=6,6,IF(F51=7,5,IF(F51=8,4,IF(F51=9,2,0))))))))))+IF(G51=0,6,IF(G51=1,6,IF(G51=2,6,IF(G51=3,6,IF(G51=4,6,IF(G51=5,6,IF(G51=6,6,IF(G51=7,5,IF(G51=8,4,IF(G51=9,2,0))))))))))+IF(H51=0,6,IF(H51=1,6,IF(H51=2,6,IF(H51=3,6,IF(H51=4,6,IF(H51=5,6,IF(H51=6,6,IF(H51=7,5,IF(H51=8,4,IF(H51=9,2,0)))))))))) -> 18 | T51: Зеркало Мусин | U51: =IF(F51=10,0,1)+IF(G51=10,0,1)+IF(H51=10,0,1) -> 3 | V51: =IF(F51=0,38,IF(F51=1,38,IF(F51=2,38,IF(F51=3,38,IF(F51=4,38,IF(F51=5,38,IF(F51=6,38,IF(F51=7,34,IF(F51=8,28,IF(F51=9,16,0))))))))))+IF(G51=0,38,IF(G51=1,38,IF(G51=2,38,IF(G51=3,38,IF(G51=4,38,IF(G51=5,38,IF(G51=6,38,IF(G51=7,34,IF(G51=8,28,IF(G51=9,16,0))))))))))+IF(H51=0,38,IF(H51=1,38,IF(H51=2,38,IF(H51=3,38,IF(H51=4,38,IF(H51=5,38,IF(H51=6,38,IF(H51=7,34,IF(H51=8,28,IF(H51=9,16,0)))))))))) -> 114 | W51: =IF(F51=0,21,IF(F51=1,21,IF(F51=2,21,IF(F51=3,19,IF(F51=4,15,IF(F51=5,9,0))))))+IF(G51=0,21,IF(G51=1,21,IF(G51=2,21,IF(G51=3,19,IF(G51=4,15,IF(G51=5,21,0))))))+IF(H51=0,21,IF(H51=1,21,IF(H51=2,21,IF(H51=3,19,IF(H51=4,15,IF(H51=5,9,0)))))) -> 63 | X51: =IF(F51=0,3,IF(F51=1,3,0))+IF(G51=0,3,IF(G51=1,3,0))+IF(H51=0,3,IF(H51=1,3,0)) -> 9 | Y51: Поэзия | Z51: =IF(E51=0,168,IF(E51=1,165,IF(E51=2,155,IF(E51=3,135,IF(E51=4,105,IF(E51=5,60,0)))))) -> 165 | AA51: Волчий крюк
A52: Ноэлль | B52: 4 | C52: Мондштадт | D52: Гео | E52: 3 | F52: 4 | G52: 4 | H52: 4 | I52: =IF(E52=6,0,6) -> 6 | J52: =IF(E52=0,9,IF(E52=1,9,IF(E52=2,9,IF(E52=3,9,IF(E52=4,6,0))))) -> 9 | K52: =IF(E52=0,9,IF(E52=1,9,IF(E52=2,6,0))) -> 0 | L52: =IF(E52=0,1,0) -> 0 | M52: =IF(E52=0,46,IF(E52=1,46,IF(E52=2,44,IF(E52=3,40,IF(E52=4,32,IF(E52=5,20,0)))))) -> 40 | N52: Базальтовая колонна | O52: =IF(E52=0,36,IF(E52=1,36,IF(E52=2,36,IF(E52=3,36,IF(E52=4,36,IF(E52=5,24,0))))))+IF(F52=0,31,IF(F52=1,31,IF(F52=2,31,IF(F52=3,31,IF(F52=4,31,IF(F52=5,31,IF(F52=6,31,IF(F52=7,27,IF(F52=8,21,IF(F52=9,12,0))))))))))+IF(G52=0,31,IF(G52=1,31,IF(G52=2,31,IF(G52=3,31,IF(G52=4,31,IF(G52=5,31,IF(G52=6,31,IF(G52=7,27,IF(G52=8,21,IF(G52=9,12,0))))))))))+IF(H52=0,31,IF(H52=1,31,IF(H52=2,31,IF(H52=3,31,IF(H52=4,31,IF(H52=5,31,IF(H52=6,31,IF(H52=7,27,IF(H52=8,21,IF(H52=9,12,0)))))))))) -> 129 | P52: =IF(E52=0,30,IF(E52=1,30,IF(E52=2,30,IF(E52=3,18,0))))+IF(F52=0,22,IF(F52=1,22,IF(F52=2,22,IF(F52=3,19,IF(F52=4,15,IF(F52=5,9,0))))))+IF(G52=0,31,IF(G52=1,31,IF(G52=2,31,IF(G52=3,31,IF(G52=4,31,IF(G52=5,31,0))))))+IF(H52=0,22,IF(H52=1,22,IF(H52=2,22,IF(H52=3,19,IF(H52=4,15,IF(H52=5,9,0)))))) -> 79 | Q52: =IF(E52=0,18,IF(E52=1,15,0))+IF(F52=0,6,IF(F52=1,6,0))+IF(G52=0,6,IF(G52=1,6,0))+IF(H52=0,6,IF(H52=1,6,0)) -> 0 | R52: Разбитая маска | S52: =IF(F52=0,6,IF(F52=1,6,IF(F52=2,6,IF(F52=3,6,IF(F52=4,6,IF(F52=5,6,IF(F52=6,6,IF(F52=7,5,IF(F52=8,4,IF(F52=9,2,0))))))))))+IF(G52=0,6,IF(G52=1,6,IF(G52=2,6,IF(G52=3,6,IF(G52=4,6,IF(G52=5,6,IF(G52=6,6,IF(G52=7,5,IF(G52=8,4,IF(G52=9,2,0))))))))))+IF(H52=0,6,IF(H52=1,6,IF(H52=2,6,IF(H52=3,6,IF(H52=4,6,IF(H52=5,6,IF(H52=6,6,IF(H52=7,5,IF(H52=8,4,IF(H52=9,2,0)))))))))) -> 18 | T52: Коготь Двалина | U52: =IF(F52=10,0,1)+IF(G52=10,0,1)+IF(H52=10,0,1) -> 3 | V52: =IF(F52=0,38,IF(F52=1,38,IF(F52=2,38,IF(F52=3,38,IF(F52=4,38,IF(F52=5,38,IF(F52=6,38,IF(F52=7,34,IF(F52=8,28,IF(F52=9,16,0))))))))))+IF(G52=0,38,IF(G52=1,38,IF(G52=2,38,IF(G52=3,38,IF(G52=4,38,IF(G52=5,38,IF(G52=6,38,IF(G52=7,34,IF(G52=8,28,IF(G52=9,16,0))))))))))+IF(H52=0,38,IF(H52=1,38,IF(H52=2,38,IF(H52=3,38,IF(H52=4,38,IF(H52=5,38,IF(H52=6,38,IF(H52=7,34,IF(H52=8,28,IF(H52=9,16,0)))))))))) -> 114 | W52: =IF(F52=0,21,IF(F52=1,21,IF(F52=2,21,IF(F52=3,19,IF(F52=4,15,IF(F52=5,9,0))))))+IF(G52=0,21,IF(G52=1,21,IF(G52=2,21,IF(G52=3,19,IF(G52=4,15,IF(G52=5,21,0))))))+IF(H52=0,21,IF(H52=1,21,IF(H52=2,21,IF(H52=3,19,IF(H52=4,15,IF(H52=5,9,0)))))) -> 45 | X52: =IF(F52=0,3,IF(F52=1,3,0))+IF(G52=0,3,IF(G52=1,3,0))+IF(H52=0,3,IF(H52=1,3,0)) -> 0 | Y52: Борьба | Z52: =IF(E52=0,168,IF(E52=1,165,IF(E52=2,155,IF(E52=3,135,IF(E52=4,105,IF(E52=5,60,0)))))) -> 135 | AA52: Валяшка | AB52: 1
A53: Розария | B53: 4 | C53: Мондштадт | D53: Крио | E53: 3 | F53: 4 | G53: 4 | H53: 2 | I53: =IF(E53=6,0,6) -> 6 | J53: =IF(E53=0,9,IF(E53=1,9,IF(E53=2,9,IF(E53=3,9,IF(E53=4,6,0))))) -> 9 | K53: =IF(E53=0,9,IF(E53=1,9,IF(E53=2,6,0))) -> 0 | L53: =IF(E53=0,1,0) -> 0 | M53: =IF(E53=0,46,IF(E53=1,46,IF(E53=2,44,IF(E53=3,40,IF(E53=4,32,IF(E53=5,20,0)))))) -> 40 | N53: Инеевое ядро | O53: =IF(E53=0,36,IF(E53=1,36,IF(E53=2,36,IF(E53=3,36,IF(E53=4,36,IF(E53=5,24,0))))))+IF(F53=0,31,IF(F53=1,31,IF(F53=2,31,IF(F53=3,31,IF(F53=4,31,IF(F53=5,31,IF(F53=6,31,IF(F53=7,27,IF(F53=8,21,IF(F53=9,12,0))))))))))+IF(G53=0,31,IF(G53=1,31,IF(G53=2,31,IF(G53=3,31,IF(G53=4,31,IF(G53=5,31,IF(G53=6,31,IF(G53=7,27,IF(G53=8,21,IF(G53=9,12,0))))))))))+IF(H53=0,31,IF(H53=1,31,IF(H53=2,31,IF(H53=3,31,IF(H53=4,31,IF(H53=5,31,IF(H53=6,31,IF(H53=7,27,IF(H53=8,21,IF(H53=9,12,0)))))))))) -> 129 | P53: =IF(E53=0,30,IF(E53=1,30,IF(E53=2,30,IF(E53=3,18,0))))+IF(F53=0,22,IF(F53=1,22,IF(F53=2,22,IF(F53=3,19,IF(F53=4,15,IF(F53=5,9,0))))))+IF(G53=0,31,IF(G53=1,31,IF(G53=2,31,IF(G53=3,31,IF(G53=4,31,IF(G53=5,31,0))))))+IF(H53=0,22,IF(H53=1,22,IF(H53=2,22,IF(H53=3,19,IF(H53=4,15,IF(H53=5,9,0)))))) -> 86 | Q53: =IF(E53=0,18,IF(E53=1,15,0))+IF(F53=0,6,IF(F53=1,6,0))+IF(G53=0,6,IF(G53=1,6,0))+IF(H53=0,6,IF(H53=1,6,0)) -> 0 | R53: Шеврон Фатуи | S53: =IF(F53=0,6,IF(F53=1,6,IF(F53=2,6,IF(F53=3,6,IF(F53=4,6,IF(F53=5,6,IF(F53=6,6,IF(F53=7,5,IF(F53=8,4,IF(F53=9,2,0))))))))))+IF(G53=0,6,IF(G53=1,6,IF(G53=2,6,IF(G53=3,6,IF(G53=4,6,IF(G53=5,6,IF(G53=6,6,IF(G53=7,5,IF(G53=8,4,IF(G53=9,2,0))))))))))+IF(H53=0,6,IF(H53=1,6,IF(H53=2,6,IF(H53=3,6,IF(H53=4,6,IF(H53=5,6,IF(H53=6,6,IF(H53=7,5,IF(H53=8,4,IF(H53=9,2,0)))))))))) -> 18 | T53: Тень воина | U53: =IF(F53=10,0,1)+IF(G53=10,0,1)+IF(H53=10,0,1) -> 3 | V53: =IF(F53=0,38,IF(F53=1,38,IF(F53=2,38,IF(F53=3,38,IF(F53=4,38,IF(F53=5,38,IF(F53=6,38,IF(F53=7,34,IF(F53=8,28,IF(F53=9,16,0))))))))))+IF(G53=0,38,IF(G53=1,38,IF(G53=2,38,IF(G53=3,38,IF(G53=4,38,IF(G53=5,38,IF(G53=6,38,IF(G53=7,34,IF(G53=8,28,IF(G53=9,16,0))))))))))+IF(H53=0,38,IF(H53=1,38,IF(H53=2,38,IF(H53=3,38,IF(H53=4,38,IF(H53=5,38,IF(H53=6,38,IF(H53=7,34,IF(H53=8,28,IF(H53=9,16,0)))))))))) -> 114 | W53: =IF(F53=0,21,IF(F53=1,21,IF(F53=2,21,IF(F53=3,19,IF(F53=4,15,IF(F53=5,9,0))))))+IF(G53=0,21,IF(G53=1,21,IF(G53=2,21,IF(G53=3,19,IF(G53=4,15,IF(G53=5,21,0))))))+IF(H53=0,21,IF(H53=1,21,IF(H53=2,21,IF(H53=3,19,IF(H53=4,15,IF(H53=5,9,0)))))) -> 51 | X53: =IF(F53=0,3,IF(F53=1,3,0))+IF(G53=0,3,IF(G53=1,3,0))+IF(H53=0,3,IF(H53=1,3,0)) -> 0 | Y53: Поэзия | Z53: =IF(E53=0,168,IF(E53=1,165,IF(E53=2,155,IF(E53=3,135,IF(E53=4,105,IF(E53=5,60,0)))))) -> 135 | AA53: Валяшка | AB53: 1
A54: Рэйзор | B54: 4 | C54: Мондштадт | D54: Электро | E54: 3 | F54: 1 | G54: 1 | H54: 1 | I54: =IF(E54=6,0,6) -> 6 | J54: =IF(E54=0,9,IF(E54=1,9,IF(E54=2,9,IF(E54=3,9,IF(E54=4,6,0))))) -> 9 | K54: =IF(E54=0,9,IF(E54=1,9,IF(E54=2,6,0))) -> 0 | L54: =IF(E54=0,1,0) -> 0 | M54: =IF(E54=0,46,IF(E54=1,46,IF(E54=2,44,IF(E54=3,40,IF(E54=4,32,IF(E54=5,20,0)))))) -> 40 | N54: Призма молнии | O54: =IF(E54=0,36,IF(E54=1,36,IF(E54=2,36,IF(E54=3,36,IF(E54=4,36,IF(E54=5,24,0))))))+IF(F54=0,31,IF(F54=1,31,IF(F54=2,31,IF(F54=3,31,IF(F54=4,31,IF(F54=5,31,IF(F54=6,31,IF(F54=7,27,IF(F54=8,21,IF(F54=9,12,0))))))))))+IF(G54=0,31,IF(G54=1,31,IF(G54=2,31,IF(G54=3,31,IF(G54=4,31,IF(G54=5,31,IF(G54=6,31,IF(G54=7,27,IF(G54=8,21,IF(G54=9,12,0))))))))))+IF(H54=0,31,IF(H54=1,31,IF(H54=2,31,IF(H54=3,31,IF(H54=4,31,IF(H54=5,31,IF(H54=6,31,IF(H54=7,27,IF(H54=8,21,IF(H54=9,12,0)))))))))) -> 129 | P54: =IF(E54=0,30,IF(E54=1,30,IF(E54=2,30,IF(E54=3,18,0))))+IF(F54=0,22,IF(F54=1,22,IF(F54=2,22,IF(F54=3,19,IF(F54=4,15,IF(F54=5,9,0))))))+IF(G54=0,31,IF(G54=1,31,IF(G54=2,31,IF(G54=3,31,IF(G54=4,31,IF(G54=5,31,0))))))+IF(H54=0,22,IF(H54=1,22,IF(H54=2,22,IF(H54=3,19,IF(H54=4,15,IF(H54=5,9,0)))))) -> 93 | Q54: =IF(E54=0,18,IF(E54=1,15,0))+IF(F54=0,6,IF(F54=1,6,0))+IF(G54=0,6,IF(G54=1,6,0))+IF(H54=0,6,IF(H54=1,6,0)) -> 18 | R54: Разбитая маска | S54: =IF(F54=0,6,IF(F54=1,6,IF(F54=2,6,IF(F54=3,6,IF(F54=4,6,IF(F54=5,6,IF(F54=6,6,IF(F54=7,5,IF(F54=8,4,IF(F54=9,2,0))))))))))+IF(G54=0,6,IF(G54=1,6,IF(G54=2,6,IF(G54=3,6,IF(G54=4,6,IF(G54=5,6,IF(G54=6,6,IF(G54=7,5,IF(G54=8,4,IF(G54=9,2,0))))))))))+IF(H54=0,6,IF(H54=1,6,IF(H54=2,6,IF(H54=3,6,IF(H54=4,6,IF(H54=5,6,IF(H54=6,6,IF(H54=7,5,IF(H54=8,4,IF(H54=9,2,0)))))))))) -> 18 | T54: Коготь Двалина | U54: =IF(F54=10,0,1)+IF(G54=10,0,1)+IF(H54=10,0,1) -> 3 | V54: =IF(F54=0,38,IF(F54=1,38,IF(F54=2,38,IF(F54=3,38,IF(F54=4,38,IF(F54=5,38,IF(F54=6,38,IF(F54=7,34,IF(F54=8,28,IF(F54=9,16,0))))))))))+IF(G54=0,38,IF(G54=1,38,IF(G54=2,38,IF(G54=3,38,IF(G54=4,38,IF(G54=5,38,IF(G54=6,38,IF(G54=7,34,IF(G54=8,28,IF(G54=9,16,0))))))))))+IF(H54=0,38,IF(H54=1,38,IF(H54=2,38,IF(H54=3,38,IF(H54=4,38,IF(H54=5,38,IF(H54=6,38,IF(H54=7,34,IF(H54=8,28,IF(H54=9,16,0)))))))))) -> 114 | W54: =IF(F54=0,21,IF(F54=1,21,IF(F54=2,21,IF(F54=3,19,IF(F54=4,15,IF(F54=5,9,0))))))+IF(G54=0,21,IF(G54=1,21,IF(G54=2,21,IF(G54=3,19,IF(G54=4,15,IF(G54=5,21,0))))))+IF(H54=0,21,IF(H54=1,21,IF(H54=2,21,IF(H54=3,19,IF(H54=4,15,IF(H54=5,9,0)))))) -> 63 | X54: =IF(F54=0,3,IF(F54=1,3,0))+IF(G54=0,3,IF(G54=1,3,0))+IF(H54=0,3,IF(H54=1,3,0)) -> 9 | Y54: Борьба | Z54: =IF(E54=0,168,IF(E54=1,165,IF(E54=2,155,IF(E54=3,135,IF(E54=4,105,IF(E54=5,60,0)))))) -> 135 | AA54: Волчий крюк | AB54: 1
A55: Сахароза | B55: 4 | C55: Мондштадт | D55: Анемо | E55: 6 | F55: 2 | G55: 4 | H55: 8 | I55: =IF(E55=6,0,6) -> 0 | J55: =IF(E55=0,9,IF(E55=1,9,IF(E55=2,9,IF(E55=3,9,IF(E55=4,6,0))))) -> 0 | K55: =IF(E55=0,9,IF(E55=1,9,IF(E55=2,6,0))) -> 0 | L55: =IF(E55=0,1,0) -> 0 | M55: =IF(E55=0,46,IF(E55=1,46,IF(E55=2,44,IF(E55=3,40,IF(E55=4,32,IF(E55=5,20,0)))))) -> 0 | N55: Семя урагана | O55: =IF(E55=0,36,IF(E55=1,36,IF(E55=2,36,IF(E55=3,36,IF(E55=4,36,IF(E55=5,24,0))))))+IF(F55=0,31,IF(F55=1,31,IF(F55=2,31,IF(F55=3,31,IF(F55=4,31,IF(F55=5,31,IF(F55=6,31,IF(F55=7,27,IF(F55=8,21,IF(F55=9,12,0))))))))))+IF(G55=0,31,IF(G55=1,31,IF(G55=2,31,IF(G55=3,31,IF(G55=4,31,IF(G55=5,31,IF(G55=6,31,IF(G55=7,27,IF(G55=8,21,IF(G55=9,12,0))))))))))+IF(H55=0,31,IF(H55=1,31,IF(H55=2,31,IF(H55=3,31,IF(H55=4,31,IF(H55=5,31,IF(H55=6,31,IF(H55=7,27,IF(H55=8,21,IF(H55=9,12,0)))))))))) -> 83 | P55: =IF(E55=0,30,IF(E55=1,30,IF(E55=2,30,IF(E55=3,18,0))))+IF(F55=0,22,IF(F55=1,22,IF(F55=2,22,IF(F55=3,19,IF(F55=4,15,IF(F55=5,9,0))))))+IF(G55=0,31,IF(G55=1,31,IF(G55=2,31,IF(G55=3,31,IF(G55=4,31,IF(G55=5,31,0))))))+IF(H55=0,22,IF(H55=1,22,IF(H55=2,22,IF(H55=3,19,IF(H55=4,15,IF(H55=5,9,0)))))) -> 53 | Q55: =IF(E55=0,18,IF(E55=1,15,0))+IF(F55=0,6,IF(F55=1,6,0))+IF(G55=0,6,IF(G55=1,6,0))+IF(H55=0,6,IF(H55=1,6,0)) -> 0 | R55: Нектар попрыгуньи | S55: =IF(F55=0,6,IF(F55=1,6,IF(F55=2,6,IF(F55=3,6,IF(F55=4,6,IF(F55=5,6,IF(F55=6,6,IF(F55=7,5,IF(F55=8,4,IF(F55=9,2,0))))))))))+IF(G55=0,6,IF(G55=1,6,IF(G55=2,6,IF(G55=3,6,IF(G55=4,6,IF(G55=5,6,IF(G55=6,6,IF(G55=7,5,IF(G55=8,4,IF(G55=9,2,0))))))))))+IF(H55=0,6,IF(H55=1,6,IF(H55=2,6,IF(H55=3,6,IF(H55=4,6,IF(H55=5,6,IF(H55=6,6,IF(H55=7,5,IF(H55=8,4,IF(H55=9,2,0)))))))))) -> 16 | T55: Шкатулка с духом Борея | U55: =IF(F55=10,0,1)+IF(G55=10,0,1)+IF(H55=10,0,1) -> 3 | V55: =IF(F55=0,38,IF(F55=1,38,IF(F55=2,38,IF(F55=3,38,IF(F55=4,38,IF(F55=5,38,IF(F55=6,38,IF(F55=7,34,IF(F55=8,28,IF(F55=9,16,0))))))))))+IF(G55=0,38,IF(G55=1,38,IF(G55=2,38,IF(G55=3,38,IF(G55=4,38,IF(G55=5,38,IF(G55=6,38,IF(G55=7,34,IF(G55=8,28,IF(G55=9,16,0))))))))))+IF(H55=0,38,IF(H55=1,38,IF(H55=2,38,IF(H55=3,38,IF(H55=4,38,IF(H55=5,38,IF(H55=6,38,IF(H55=7,34,IF(H55=8,28,IF(H55=9,16,0)))))))))) -> 104 | W55: =IF(F55=0,21,IF(F55=1,21,IF(F55=2,21,IF(F55=3,19,IF(F55=4,15,IF(F55=5,9,0))))))+IF(G55=0,21,IF(G55=1,21,IF(G55=2,21,IF(G55=3,19,IF(G55=4,15,IF(G55=5,21,0))))))+IF(H55=0,21,IF(H55=1,21,IF(H55=2,21,IF(H55=3,19,IF(H55=4,15,IF(H55=5,9,0)))))) -> 36 | X55: =IF(F55=0,3,IF(F55=1,3,0))+IF(G55=0,3,IF(G55=1,3,0))+IF(H55=0,3,IF(H55=1,3,0)) -> 0 | Y55: Свобода | Z55: =IF(E55=0,168,IF(E55=1,165,IF(E55=2,155,IF(E55=3,135,IF(E55=4,105,IF(E55=5,60,0)))))) -> 0 | AA55: Ветряная астра | AB55: 1
A56: Фишль | B56: 4 | C56: Мондштадт | D56: Электро | E56: 3 | F56: 1 | G56: 1 | H56: 1 | I56: =IF(E56=6,0,6) -> 6 | J56: =IF(E56=0,9,IF(E56=1,9,IF(E56=2,9,IF(E56=3,9,IF(E56=4,6,0))))) -> 9 | K56: =IF(E56=0,9,IF(E56=1,9,IF(E56=2,6,0))) -> 0 | L56: =IF(E56=0,1,0) -> 0 | N56: Призма молнии | O56: =IF(E56=0,36,IF(E56=1,36,IF(E56=2,36,IF(E56=3,36,IF(E56=4,36,IF(E56=5,24,0))))))+IF(F56=0,31,IF(F56=1,31,IF(F56=2,31,IF(F56=3,31,IF(F56=4,31,IF(F56=5,31,IF(F56=6,31,IF(F56=7,27,IF(F56=8,21,IF(F56=9,12,0))))))))))+IF(G56=0,31,IF(G56=1,31,IF(G56=2,31,IF(G56=3,31,IF(G56=4,31,IF(G56=5,31,IF(G56=6,31,IF(G56=7,27,IF(G56=8,21,IF(G56=9,12,0))))))))))+IF(H56=0,31,IF(H56=1,31,IF(H56=2,31,IF(H56=3,31,IF(H56=4,31,IF(H56=5,31,IF(H56=6,31,IF(H56=7,27,IF(H56=8,21,IF(H56=9,12,0)))))))))) -> 129 | P56: =IF(E56=0,30,IF(E56=1,30,IF(E56=2,30,IF(E56=3,18,0))))+IF(F56=0,22,IF(F56=1,22,IF(F56=2,22,IF(F56=3,19,IF(F56=4,15,IF(F56=5,9,0))))))+IF(G56=0,31,IF(G56=1,31,IF(G56=2,31,IF(G56=3,31,IF(G56=4,31,IF(G56=5,31,0))))))+IF(H56=0,22,IF(H56=1,22,IF(H56=2,22,IF(H56=3,19,IF(H56=4,15,IF(H56=5,9,0)))))) -> 93 | Q56: =IF(E56=0,18,IF(E56=1,15,0))+IF(F56=0,6,IF(F56=1,6,0))+IF(G56=0,6,IF(G56=1,6,0))+IF(H56=0,6,IF(H56=1,6,0)) -> 18 | R56: Прочный наконечник стрелы | S56: =IF(F56=0,6,IF(F56=1,6,IF(F56=2,6,IF(F56=3,6,IF(F56=4,6,IF(F56=5,6,IF(F56=6,6,IF(F56=7,5,IF(F56=8,4,IF(F56=9,2,0))))))))))+IF(G56=0,6,IF(G56=1,6,IF(G56=2,6,IF(G56=3,6,IF(G56=4,6,IF(G56=5,6,IF(G56=6,6,IF(G56=7,5,IF(G56=8,4,IF(G56=9,2,0))))))))))+IF(H56=0,6,IF(H56=1,6,IF(H56=2,6,IF(H56=3,6,IF(H56=4,6,IF(H56=5,6,IF(H56=6,6,IF(H56=7,5,IF(H56=8,4,IF(H56=9,2,0)))))))))) -> 18 | T56: Шкатулка с духом Борея | U56: =IF(F56=10,0,1)+IF(G56=10,0,1)+IF(H56=10,0,1) -> 3 | V56: =IF(F56=0,38,IF(F56=1,38,IF(F56=2,38,IF(F56=3,38,IF(F56=4,38,IF(F56=5,38,IF(F56=6,38,IF(F56=7,34,IF(F56=8,28,IF(F56=9,16,0))))))))))+IF(G56=0,38,IF(G56=1,38,IF(G56=2,38,IF(G56=3,38,IF(G56=4,38,IF(G56=5,38,IF(G56=6,38,IF(G56=7,34,IF(G56=8,28,IF(G56=9,16,0))))))))))+IF(H56=0,38,IF(H56=1,38,IF(H56=2,38,IF(H56=3,38,IF(H56=4,38,IF(H56=5,38,IF(H56=6,38,IF(H56=7,34,IF(H56=8,28,IF(H56=9,16,0)))))))))) -> 114 | W56: =IF(F56=0,21,IF(F56=1,21,IF(F56=2,21,IF(F56=3,19,IF(F56=4,15,IF(F56=5,9,0))))))+IF(G56=0,21,IF(G56=1,21,IF(G56=2,21,IF(G56=3,19,IF(G56=4,15,IF(G56=5,21,0))))))+IF(H56=0,21,IF(H56=1,21,IF(H56=2,21,IF(H56=3,19,IF(H56=4,15,IF(H56=5,9,0)))))) -> 63 | X56: =IF(F56=0,3,IF(F56=1,3,0))+IF(G56=0,3,IF(G56=1,3,0))+IF(H56=0,3,IF(H56=1,3,0)) -> 9 | Y56: Поэзия | Z56: =IF(E56=0,168,IF(E56=1,165,IF(E56=2,155,IF(E56=3,135,IF(E56=4,105,IF(E56=5,60,0)))))) -> 135 | AA56: Трава–светяшка | AB56: 1
A57: Эмбер | B57: 4 | C57: Мондштадт | D57: Пиро | E57: 3 | F57: 1 | G57: 1 | H57: 1 | I57: =IF(E57=6,0,6) -> 6 | J57: =IF(E57=0,9,IF(E57=1,9,IF(E57=2,9,IF(E57=3,9,IF(E57=4,6,0))))) -> 9 | K57: =IF(E57=0,9,IF(E57=1,9,IF(E57=2,6,0))) -> 0 | L57: =IF(E57=0,1,0) -> 0 | M57: =IF(E57=0,46,IF(E57=1,46,IF(E57=2,44,IF(E57=3,40,IF(E57=4,32,IF(E57=5,20,0)))))) -> 40 | N57: Пылающее семя | O57: =IF(E57=0,36,IF(E57=1,36,IF(E57=2,36,IF(E57=3,36,IF(E57=4,36,IF(E57=5,24,0))))))+IF(F57=0,31,IF(F57=1,31,IF(F57=2,31,IF(F57=3,31,IF(F57=4,31,IF(F57=5,31,IF(F57=6,31,IF(F57=7,27,IF(F57=8,21,IF(F57=9,12,0))))))))))+IF(G57=0,31,IF(G57=1,31,IF(G57=2,31,IF(G57=3,31,IF(G57=4,31,IF(G57=5,31,IF(G57=6,31,IF(G57=7,27,IF(G57=8,21,IF(G57=9,12,0))))))))))+IF(H57=0,31,IF(H57=1,31,IF(H57=2,31,IF(H57=3,31,IF(H57=4,31,IF(H57=5,31,IF(H57=6,31,IF(H57=7,27,IF(H57=8,21,IF(H57=9,12,0)))))))))) -> 129 | P57: =IF(E57=0,30,IF(E57=1,30,IF(E57=2,30,IF(E57=3,18,0))))+IF(F57=0,22,IF(F57=1,22,IF(F57=2,22,IF(F57=3,19,IF(F57=4,15,IF(F57=5,9,0))))))+IF(G57=0,31,IF(G57=1,31,IF(G57=2,31,IF(G57=3,31,IF(G57=4,31,IF(G57=5,31,0))))))+IF(H57=0,22,IF(H57=1,22,IF(H57=2,22,IF(H57=3,19,IF(H57=4,15,IF(H57=5,9,0)))))) -> 93 | Q57: =IF(E57=0,18,IF(E57=1,15,0))+IF(F57=0,6,IF(F57=1,6,0))+IF(G57=0,6,IF(G57=1,6,0))+IF(H57=0,6,IF(H57=1,6,0)) -> 18 | R57: Прочный наконечник стрелы | S57: =IF(F57=0,6,IF(F57=1,6,IF(F57=2,6,IF(F57=3,6,IF(F57=4,6,IF(F57=5,6,IF(F57=6,6,IF(F57=7,5,IF(F57=8,4,IF(F57=9,2,0))))))))))+IF(G57=0,6,IF(G57=1,6,IF(G57=2,6,IF(G57=3,6,IF(G57=4,6,IF(G57=5,6,IF(G57=6,6,IF(G57=7,5,IF(G57=8,4,IF(G57=9,2,0))))))))))+IF(H57=0,6,IF(H57=1,6,IF(H57=2,6,IF(H57=3,6,IF(H57=4,6,IF(H57=5,6,IF(H57=6,6,IF(H57=7,5,IF(H57=8,4,IF(H57=9,2,0)))))))))) -> 18 | T57: Вздох Двалина | U57: =IF(F57=10,0,1)+IF(G57=10,0,1)+IF(H57=10,0,1) -> 3 | V57: =IF(F57=0,38,IF(F57=1,38,IF(F57=2,38,IF(F57=3,38,IF(F57=4,38,IF(F57=5,38,IF(F57=6,38,IF(F57=7,34,IF(F57=8,28,IF(F57=9,16,0))))))))))+IF(G57=0,38,IF(G57=1,38,IF(G57=2,38,IF(G57=3,38,IF(G57=4,38,IF(G57=5,38,IF(G57=6,38,IF(G57=7,34,IF(G57=8,28,IF(G57=9,16,0))))))))))+IF(H57=0,38,IF(H57=1,38,IF(H57=2,38,IF(H57=3,38,IF(H57=4,38,IF(H57=5,38,IF(H57=6,38,IF(H57=7,34,IF(H57=8,28,IF(H57=9,16,0)))))))))) -> 114 | W57: =IF(F57=0,21,IF(F57=1,21,IF(F57=2,21,IF(F57=3,19,IF(F57=4,15,IF(F57=5,9,0))))))+IF(G57=0,21,IF(G57=1,21,IF(G57=2,21,IF(G57=3,19,IF(G57=4,15,IF(G57=5,21,0))))))+IF(H57=0,21,IF(H57=1,21,IF(H57=2,21,IF(H57=3,19,IF(H57=4,15,IF(H57=5,9,0)))))) -> 63 | X57: =IF(F57=0,3,IF(F57=1,3,0))+IF(G57=0,3,IF(G57=1,3,0))+IF(H57=0,3,IF(H57=1,3,0)) -> 9 | Y57: Свобода | Z57: =IF(E57=0,168,IF(E57=1,165,IF(E57=2,155,IF(E57=3,135,IF(E57=4,105,IF(E57=5,60,0)))))) -> 135 | AA57: Трава–светяшка
A58: Кинич | B58: 5 | C58: Натлан | D58: Дендро | E58: 0 | F58: 0 | G58: 0 | H58: 0 | I58: =IF(E58=6,0,6) -> 6 | J58: =IF(E58=0,9,IF(E58=1,9,IF(E58=2,9,IF(E58=3,9,IF(E58=4,6,0))))) -> 9 | K58: =IF(E58=0,9,IF(E58=1,9,IF(E58=2,6,0))) -> 9 | L58: =IF(E58=0,1,0) -> 1 | M58: =IF(E58=0,46,IF(E58=1,46,IF(E58=2,44,IF(E58=3,40,IF(E58=4,32,IF(E58=5,20,0)))))) -> 46 | N58: Перезревший пламегранат | O58: =IF(E58=0,36,IF(E58=1,36,IF(E58=2,36,IF(E58=3,36,IF(E58=4,36,IF(E58=5,24,0))))))+IF(F58=0,31,IF(F58=1,31,IF(F58=2,31,IF(F58=3,31,IF(F58=4,31,IF(F58=5,31,IF(F58=6,31,IF(F58=7,27,IF(F58=8,21,IF(F58=9,12,0))))))))))+IF(G58=0,31,IF(G58=1,31,IF(G58=2,31,IF(G58=3,31,IF(G58=4,31,IF(G58=5,31,IF(G58=6,31,IF(G58=7,27,IF(G58=8,21,IF(G58=9,12,0))))))))))+IF(H58=0,31,IF(H58=1,31,IF(H58=2,31,IF(H58=3,31,IF(H58=4,31,IF(H58=5,31,IF(H58=6,31,IF(H58=7,27,IF(H58=8,21,IF(H58=9,12,0)))))))))) -> 129 | P58: =IF(E58=0,30,IF(E58=1,30,IF(E58=2,30,IF(E58=3,18,0))))+IF(F58=0,22,IF(F58=1,22,IF(F58=2,22,IF(F58=3,19,IF(F58=4,15,IF(F58=5,9,0))))))+IF(G58=0,31,IF(G58=1,31,IF(G58=2,31,IF(G58=3,31,IF(G58=4,31,IF(G58=5,31,0))))))+IF(H58=0,22,IF(H58=1,22,IF(H58=2,22,IF(H58=3,19,IF(H58=4,15,IF(H58=5,9,0)))))) -> 105 | Q58: =IF(E58=0,18,IF(E58=1,15,0))+IF(F58=0,6,IF(F58=1,6,0))+IF(G58=0,6,IF(G58=1,6,0))+IF(H58=0,6,IF(H58=1,6,0)) -> 36 | R58: Клык | S58: =IF(F58=0,6,IF(F58=1,6,IF(F58=2,6,IF(F58=3,6,IF(F58=4,6,IF(F58=5,6,IF(F58=6,6,IF(F58=7,5,IF(F58=8,4,IF(F58=9,2,0))))))))))+IF(G58=0,6,IF(G58=1,6,IF(G58=2,6,IF(G58=3,6,IF(G58=4,6,IF(G58=5,6,IF(G58=6,6,IF(G58=7,5,IF(G58=8,4,IF(G58=9,2,0))))))))))+IF(H58=0,6,IF(H58=1,6,IF(H58=2,6,IF(H58=3,6,IF(H58=4,6,IF(H58=5,6,IF(H58=6,6,IF(H58=7,5,IF(H58=8,4,IF(H58=9,2,0)))))))))) -> 18 | T58: Отрицание и вердикт | U58: =IF(F58=10,0,1)+IF(G58=10,0,1)+IF(H58=10,0,1) -> 3 | V58: =IF(F58=0,38,IF(F58=1,38,IF(F58=2,38,IF(F58=3,38,IF(F58=4,38,IF(F58=5,38,IF(F58=6,38,IF(F58=7,34,IF(F58=8,28,IF(F58=9,16,0))))))))))+IF(G58=0,38,IF(G58=1,38,IF(G58=2,38,IF(G58=3,38,IF(G58=4,38,IF(G58=5,38,IF(G58=6,38,IF(G58=7,34,IF(G58=8,28,IF(G58=9,16,0))))))))))+IF(H58=0,38,IF(H58=1,38,IF(H58=2,38,IF(H58=3,38,IF(H58=4,38,IF(H58=5,38,IF(H58=6,38,IF(H58=7,34,IF(H58=8,28,IF(H58=9,16,0)))))))))) -> 114 | W58: =IF(F58=0,21,IF(F58=1,21,IF(F58=2,21,IF(F58=3,19,IF(F58=4,15,IF(F58=5,9,0))))))+IF(G58=0,21,IF(G58=1,21,IF(G58=2,21,IF(G58=3,19,IF(G58=4,15,IF(G58=5,21,0))))))+IF(H58=0,21,IF(H58=1,21,IF(H58=2,21,IF(H58=3,19,IF(H58=4,15,IF(H58=5,9,0)))))) -> 63 | X58: =IF(F58=0,3,IF(F58=1,3,0))+IF(G58=0,3,IF(G58=1,3,0))+IF(H58=0,3,IF(H58=1,3,0)) -> 9 | Y58: Сжигание | Z58: =IF(E58=0,168,IF(E58=1,165,IF(E58=2,155,IF(E58=3,135,IF(E58=4,105,IF(E58=5,60,0)))))) -> 168 | AA58: Суккулент коготь завриана
A59: Мавуика | B59: 5 | C59: Натлан | D59: Пиро | E59: 0 | F59: 0 | G59: 0 | H59: 0 | I59: =IF(E59=6,0,6) -> 6 | J59: =IF(E59=0,9,IF(E59=1,9,IF(E59=2,9,IF(E59=3,9,IF(E59=4,6,0))))) -> 9 | K59: =IF(E59=0,9,IF(E59=1,9,IF(E59=2,6,0))) -> 9 | L59: =IF(E59=0,1,0) -> 1 | M59: =IF(E59=0,46,IF(E59=1,46,IF(E59=2,44,IF(E59=3,40,IF(E59=4,32,IF(E59=5,20,0)))))) -> 46 | O59: =IF(E59=0,36,IF(E59=1,36,IF(E59=2,36,IF(E59=3,36,IF(E59=4,36,IF(E59=5,24,0))))))+IF(F59=0,31,IF(F59=1,31,IF(F59=2,31,IF(F59=3,31,IF(F59=4,31,IF(F59=5,31,IF(F59=6,31,IF(F59=7,27,IF(F59=8,21,IF(F59=9,12,0))))))))))+IF(G59=0,31,IF(G59=1,31,IF(G59=2,31,IF(G59=3,31,IF(G59=4,31,IF(G59=5,31,IF(G59=6,31,IF(G59=7,27,IF(G59=8,21,IF(G59=9,12,0))))))))))+IF(H59=0,31,IF(H59=1,31,IF(H59=2,31,IF(H59=3,31,IF(H59=4,31,IF(H59=5,31,IF(H59=6,31,IF(H59=7,27,IF(H59=8,21,IF(H59=9,12,0)))))))))) -> 129 | P59: =IF(E59=0,30,IF(E59=1,30,IF(E59=2,30,IF(E59=3,18,0))))+IF(F59=0,22,IF(F59=1,22,IF(F59=2,22,IF(F59=3,19,IF(F59=4,15,IF(F59=5,9,0))))))+IF(G59=0,31,IF(G59=1,31,IF(G59=2,31,IF(G59=3,31,IF(G59=4,31,IF(G59=5,31,0))))))+IF(H59=0,22,IF(H59=1,22,IF(H59=2,22,IF(H59=3,19,IF(H59=4,15,IF(H59=5,9,0)))))) -> 105 | Q59: =IF(E59=0,18,IF(E59=1,15,0))+IF(F59=0,6,IF(F59=1,6,0))+IF(G59=0,6,IF(G59=1,6,0))+IF(H59=0,6,IF(H59=1,6,0)) -> 36 | S59: =IF(F59=0,6,IF(F59=1,6,IF(F59=2,6,IF(F59=3,6,IF(F59=4,6,IF(F59=5,6,IF(F59=6,6,IF(F59=7,5,IF(F59=8,4,IF(F59=9,2,0))))))))))+IF(G59=0,6,IF(G59=1,6,IF(G59=2,6,IF(G59=3,6,IF(G59=4,6,IF(G59=5,6,IF(G59=6,6,IF(G59=7,5,IF(G59=8,4,IF(G59=9,2,0))))))))))+IF(H59=0,6,IF(H59=1,6,IF(H59=2,6,IF(H59=3,6,IF(H59=4,6,IF(H59=5,6,IF(H59=6,6,IF(H59=7,5,IF(H59=8,4,IF(H59=9,2,0)))))))))) -> 18 | U59: =IF(F59=10,0,1)+IF(G59=10,0,1)+IF(H59=10,0,1) -> 3 | V59: =IF(F59=0,38,IF(F59=1,38,IF(F59=2,38,IF(F59=3,38,IF(F59=4,38,IF(F59=5,38,IF(F59=6,38,IF(F59=7,34,IF(F59=8,28,IF(F59=9,16,0))))))))))+IF(G59=0,38,IF(G59=1,38,IF(G59=2,38,IF(G59=3,38,IF(G59=4,38,IF(G59=5,38,IF(G59=6,38,IF(G59=7,34,IF(G59=8,28,IF(G59=9,16,0))))))))))+IF(H59=0,38,IF(H59=1,38,IF(H59=2,38,IF(H59=3,38,IF(H59=4,38,IF(H59=5,38,IF(H59=6,38,IF(H59=7,34,IF(H59=8,28,IF(H59=9,16,0)))))))))) -> 114 | W59: =IF(F59=0,21,IF(F59=1,21,IF(F59=2,21,IF(F59=3,19,IF(F59=4,15,IF(F59=5,9,0))))))+IF(G59=0,21,IF(G59=1,21,IF(G59=2,21,IF(G59=3,19,IF(G59=4,15,IF(G59=5,21,0))))))+IF(H59=0,21,IF(H59=1,21,IF(H59=2,21,IF(H59=3,19,IF(H59=4,15,IF(H59=5,9,0)))))) -> 63 | X59: =IF(F59=0,3,IF(F59=1,3,0))+IF(G59=0,3,IF(G59=1,3,0))+IF(H59=0,3,IF(H59=1,3,0)) -> 9 | Z59: =IF(E59=0,168,IF(E59=1,165,IF(E59=2,155,IF(E59=3,135,IF(E59=4,105,IF(E59=5,60,0)))))) -> 168 | AA59: Сухой пурпурник
A60: Муалани | B60: 5 | C60: Натлан | D60: Гидро | E60: 0 | F60: 0 | G60: 0 | H60: 0 | I60: =IF(E60=6,0,6) -> 6 | J60: =IF(E60=0,9,IF(E60=1,9,IF(E60=2,9,IF(E60=3,9,IF(E60=4,6,0))))) -> 9 | K60: =IF(E60=0,9,IF(E60=1,9,IF(E60=2,6,0))) -> 9 | L60: =IF(E60=0,1,0) -> 1 | M60: =IF(E60=0,46,IF(E60=1,46,IF(E60=2,44,IF(E60=3,40,IF(E60=4,32,IF(E60=5,20,0)))))) -> 46 | N60: Метка связывающего благословения | O60: =IF(E60=0,36,IF(E60=1,36,IF(E60=2,36,IF(E60=3,36,IF(E60=4,36,IF(E60=5,24,0))))))+IF(F60=0,31,IF(F60=1,31,IF(F60=2,31,IF(F60=3,31,IF(F60=4,31,IF(F60=5,31,IF(F60=6,31,IF(F60=7,27,IF(F60=8,21,IF(F60=9,12,0))))))))))+IF(G60=0,31,IF(G60=1,31,IF(G60=2,31,IF(G60=3,31,IF(G60=4,31,IF(G60=5,31,IF(G60=6,31,IF(G60=7,27,IF(G60=8,21,IF(G60=9,12,0))))))))))+IF(H60=0,31,IF(H60=1,31,IF(H60=2,31,IF(H60=3,31,IF(H60=4,31,IF(H60=5,31,IF(H60=6,31,IF(H60=7,27,IF(H60=8,21,IF(H60=9,12,0)))))))))) -> 129 | P60: =IF(E60=0,30,IF(E60=1,30,IF(E60=2,30,IF(E60=3,18,0))))+IF(F60=0,22,IF(F60=1,22,IF(F60=2,22,IF(F60=3,19,IF(F60=4,15,IF(F60=5,9,0))))))+IF(G60=0,31,IF(G60=1,31,IF(G60=2,31,IF(G60=3,31,IF(G60=4,31,IF(G60=5,31,0))))))+IF(H60=0,22,IF(H60=1,22,IF(H60=2,22,IF(H60=3,19,IF(H60=4,15,IF(H60=5,9,0)))))) -> 105 | Q60: =IF(E60=0,18,IF(E60=1,15,0))+IF(F60=0,6,IF(F60=1,6,0))+IF(G60=0,6,IF(G60=1,6,0))+IF(H60=0,6,IF(H60=1,6,0)) -> 36 | R60: Свисток дозорного | S60: =IF(F60=0,6,IF(F60=1,6,IF(F60=2,6,IF(F60=3,6,IF(F60=4,6,IF(F60=5,6,IF(F60=6,6,IF(F60=7,5,IF(F60=8,4,IF(F60=9,2,0))))))))))+IF(G60=0,6,IF(G60=1,6,IF(G60=2,6,IF(G60=3,6,IF(G60=4,6,IF(G60=5,6,IF(G60=6,6,IF(G60=7,5,IF(G60=8,4,IF(G60=9,2,0))))))))))+IF(H60=0,6,IF(H60=1,6,IF(H60=2,6,IF(H60=3,6,IF(H60=4,6,IF(H60=5,6,IF(H60=6,6,IF(H60=7,5,IF(H60=8,4,IF(H60=9,2,0)))))))))) -> 18 | T60: Тёмная масса | U60: =IF(F60=10,0,1)+IF(G60=10,0,1)+IF(H60=10,0,1) -> 3 | V60: =IF(F60=0,38,IF(F60=1,38,IF(F60=2,38,IF(F60=3,38,IF(F60=4,38,IF(F60=5,38,IF(F60=6,38,IF(F60=7,34,IF(F60=8,28,IF(F60=9,16,0))))))))))+IF(G60=0,38,IF(G60=1,38,IF(G60=2,38,IF(G60=3,38,IF(G60=4,38,IF(G60=5,38,IF(G60=6,38,IF(G60=7,34,IF(G60=8,28,IF(G60=9,16,0))))))))))+IF(H60=0,38,IF(H60=1,38,IF(H60=2,38,IF(H60=3,38,IF(H60=4,38,IF(H60=5,38,IF(H60=6,38,IF(H60=7,34,IF(H60=8,28,IF(H60=9,16,0)))))))))) -> 114 | W60: =IF(F60=0,21,IF(F60=1,21,IF(F60=2,21,IF(F60=3,19,IF(F60=4,15,IF(F60=5,9,0))))))+IF(G60=0,21,IF(G60=1,21,IF(G60=2,21,IF(G60=3,19,IF(G60=4,15,IF(G60=5,21,0))))))+IF(H60=0,21,IF(H60=1,21,IF(H60=2,21,IF(H60=3,19,IF(H60=4,15,IF(H60=5,9,0)))))) -> 63 | X60: =IF(F60=0,3,IF(F60=1,3,0))+IF(G60=0,3,IF(G60=1,3,0))+IF(H60=0,3,IF(H60=1,3,0)) -> 9 | Y60: Соперничество | Z60: =IF(E60=0,168,IF(E60=1,165,IF(E60=2,155,IF(E60=3,135,IF(E60=4,105,IF(E60=5,60,0)))))) -> 168 | AA60: Морское перо
A61: Ситлали | B61: 5 | C61: Натлан | D61: Крио | E61: 0 | F61: 0 | G61: 0 | H61: 0 | I61: =IF(E61=6,0,6) -> 6 | J61: =IF(E61=0,9,IF(E61=1,9,IF(E61=2,9,IF(E61=3,9,IF(E61=4,6,0))))) -> 9 | K61: =IF(E61=0,9,IF(E61=1,9,IF(E61=2,6,0))) -> 9 | L61: =IF(E61=0,1,0) -> 1 | M61: =IF(E61=0,46,IF(E61=1,46,IF(E61=2,44,IF(E61=3,40,IF(E61=4,32,IF(E61=5,20,0)))))) -> 46 | O61: =IF(E61=0,36,IF(E61=1,36,IF(E61=2,36,IF(E61=3,36,IF(E61=4,36,IF(E61=5,24,0))))))+IF(F61=0,31,IF(F61=1,31,IF(F61=2,31,IF(F61=3,31,IF(F61=4,31,IF(F61=5,31,IF(F61=6,31,IF(F61=7,27,IF(F61=8,21,IF(F61=9,12,0))))))))))+IF(G61=0,31,IF(G61=1,31,IF(G61=2,31,IF(G61=3,31,IF(G61=4,31,IF(G61=5,31,IF(G61=6,31,IF(G61=7,27,IF(G61=8,21,IF(G61=9,12,0))))))))))+IF(H61=0,31,IF(H61=1,31,IF(H61=2,31,IF(H61=3,31,IF(H61=4,31,IF(H61=5,31,IF(H61=6,31,IF(H61=7,27,IF(H61=8,21,IF(H61=9,12,0)))))))))) -> 129 | P61: =IF(E61=0,30,IF(E61=1,30,IF(E61=2,30,IF(E61=3,18,0))))+IF(F61=0,22,IF(F61=1,22,IF(F61=2,22,IF(F61=3,19,IF(F61=4,15,IF(F61=5,9,0))))))+IF(G61=0,31,IF(G61=1,31,IF(G61=2,31,IF(G61=3,31,IF(G61=4,31,IF(G61=5,31,0))))))+IF(H61=0,22,IF(H61=1,22,IF(H61=2,22,IF(H61=3,19,IF(H61=4,15,IF(H61=5,9,0)))))) -> 105 | Q61: =IF(E61=0,18,IF(E61=1,15,0))+IF(F61=0,6,IF(F61=1,6,0))+IF(G61=0,6,IF(G61=1,6,0))+IF(H61=0,6,IF(H61=1,6,0)) -> 36 | S61: =IF(F61=0,6,IF(F61=1,6,IF(F61=2,6,IF(F61=3,6,IF(F61=4,6,IF(F61=5,6,IF(F61=6,6,IF(F61=7,5,IF(F61=8,4,IF(F61=9,2,0))))))))))+IF(G61=0,6,IF(G61=1,6,IF(G61=2,6,IF(G61=3,6,IF(G61=4,6,IF(G61=5,6,IF(G61=6,6,IF(G61=7,5,IF(G61=8,4,IF(G61=9,2,0))))))))))+IF(H61=0,6,IF(H61=1,6,IF(H61=2,6,IF(H61=3,6,IF(H61=4,6,IF(H61=5,6,IF(H61=6,6,IF(H61=7,5,IF(H61=8,4,IF(H61=9,2,0)))))))))) -> 18 | U61: =IF(F61=10,0,1)+IF(G61=10,0,1)+IF(H61=10,0,1) -> 3 | V61: =IF(F61=0,38,IF(F61=1,38,IF(F61=2,38,IF(F61=3,38,IF(F61=4,38,IF(F61=5,38,IF(F61=6,38,IF(F61=7,34,IF(F61=8,28,IF(F61=9,16,0))))))))))+IF(G61=0,38,IF(G61=1,38,IF(G61=2,38,IF(G61=3,38,IF(G61=4,38,IF(G61=5,38,IF(G61=6,38,IF(G61=7,34,IF(G61=8,28,IF(G61=9,16,0))))))))))+IF(H61=0,38,IF(H61=1,38,IF(H61=2,38,IF(H61=3,38,IF(H61=4,38,IF(H61=5,38,IF(H61=6,38,IF(H61=7,34,IF(H61=8,28,IF(H61=9,16,0)))))))))) -> 114 | W61: =IF(F61=0,21,IF(F61=1,21,IF(F61=2,21,IF(F61=3,19,IF(F61=4,15,IF(F61=5,9,0))))))+IF(G61=0,21,IF(G61=1,21,IF(G61=2,21,IF(G61=3,19,IF(G61=4,15,IF(G61=5,21,0))))))+IF(H61=0,21,IF(H61=1,21,IF(H61=2,21,IF(H61=3,19,IF(H61=4,15,IF(H61=5,9,0)))))) -> 63 | X61: =IF(F61=0,3,IF(F61=1,3,0))+IF(G61=0,3,IF(G61=1,3,0))+IF(H61=0,3,IF(H61=1,3,0)) -> 9 | Z61: =IF(E61=0,168,IF(E61=1,165,IF(E61=2,155,IF(E61=3,135,IF(E61=4,105,IF(E61=5,60,0)))))) -> 168 | AA61: Ягода квенепа
A62: Часка | B62: 5 | C62: Натлан | D62: Анемо | E62: 1 | F62: 0 | G62: 0 | H62: 0 | I62: =IF(E62=6,0,6) -> 6 | J62: =IF(E62=0,9,IF(E62=1,9,IF(E62=2,9,IF(E62=3,9,IF(E62=4,6,0))))) -> 9 | K62: =IF(E62=0,9,IF(E62=1,9,IF(E62=2,6,0))) -> 9 | L62: =IF(E62=0,1,0) -> 0 | M62: =IF(E62=0,46,IF(E62=1,46,IF(E62=2,44,IF(E62=3,40,IF(E62=4,32,IF(E62=5,20,0)))))) -> 46 | N62: Сковывающий взгляд | O62: =IF(E62=0,36,IF(E62=1,36,IF(E62=2,36,IF(E62=3,36,IF(E62=4,36,IF(E62=5,24,0))))))+IF(F62=0,31,IF(F62=1,31,IF(F62=2,31,IF(F62=3,31,IF(F62=4,31,IF(F62=5,31,IF(F62=6,31,IF(F62=7,27,IF(F62=8,21,IF(F62=9,12,0))))))))))+IF(G62=0,31,IF(G62=1,31,IF(G62=2,31,IF(G62=3,31,IF(G62=4,31,IF(G62=5,31,IF(G62=6,31,IF(G62=7,27,IF(G62=8,21,IF(G62=9,12,0))))))))))+IF(H62=0,31,IF(H62=1,31,IF(H62=2,31,IF(H62=3,31,IF(H62=4,31,IF(H62=5,31,IF(H62=6,31,IF(H62=7,27,IF(H62=8,21,IF(H62=9,12,0)))))))))) -> 129 | P62: =IF(E62=0,30,IF(E62=1,30,IF(E62=2,30,IF(E62=3,18,0))))+IF(F62=0,22,IF(F62=1,22,IF(F62=2,22,IF(F62=3,19,IF(F62=4,15,IF(F62=5,9,0))))))+IF(G62=0,31,IF(G62=1,31,IF(G62=2,31,IF(G62=3,31,IF(G62=4,31,IF(G62=5,31,0))))))+IF(H62=0,22,IF(H62=1,22,IF(H62=2,22,IF(H62=3,19,IF(H62=4,15,IF(H62=5,9,0)))))) -> 105 | Q62: =IF(E62=0,18,IF(E62=1,15,0))+IF(F62=0,6,IF(F62=1,6,0))+IF(G62=0,6,IF(G62=1,6,0))+IF(H62=0,6,IF(H62=1,6,0)) -> 33 | R62: Клык | S62: =IF(F62=0,6,IF(F62=1,6,IF(F62=2,6,IF(F62=3,6,IF(F62=4,6,IF(F62=5,6,IF(F62=6,6,IF(F62=7,5,IF(F62=8,4,IF(F62=9,2,0))))))))))+IF(G62=0,6,IF(G62=1,6,IF(G62=2,6,IF(G62=3,6,IF(G62=4,6,IF(G62=5,6,IF(G62=6,6,IF(G62=7,5,IF(G62=8,4,IF(G62=9,2,0))))))))))+IF(H62=0,6,IF(H62=1,6,IF(H62=2,6,IF(H62=3,6,IF(H62=4,6,IF(H62=5,6,IF(H62=6,6,IF(H62=7,5,IF(H62=8,4,IF(H62=9,2,0)))))))))) -> 18 | U62: =IF(F62=10,0,1)+IF(G62=10,0,1)+IF(H62=10,0,1) -> 3 | V62: =IF(F62=0,38,IF(F62=1,38,IF(F62=2,38,IF(F62=3,38,IF(F62=4,38,IF(F62=5,38,IF(F62=6,38,IF(F62=7,34,IF(F62=8,28,IF(F62=9,16,0))))))))))+IF(G62=0,38,IF(G62=1,38,IF(G62=2,38,IF(G62=3,38,IF(G62=4,38,IF(G62=5,38,IF(G62=6,38,IF(G62=7,34,IF(G62=8,28,IF(G62=9,16,0))))))))))+IF(H62=0,38,IF(H62=1,38,IF(H62=2,38,IF(H62=3,38,IF(H62=4,38,IF(H62=5,38,IF(H62=6,38,IF(H62=7,34,IF(H62=8,28,IF(H62=9,16,0)))))))))) -> 114 | W62: =IF(F62=0,21,IF(F62=1,21,IF(F62=2,21,IF(F62=3,19,IF(F62=4,15,IF(F62=5,9,0))))))+IF(G62=0,21,IF(G62=1,21,IF(G62=2,21,IF(G62=3,19,IF(G62=4,15,IF(G62=5,21,0))))))+IF(H62=0,21,IF(H62=1,21,IF(H62=2,21,IF(H62=3,19,IF(H62=4,15,IF(H62=5,9,0)))))) -> 63 | X62: =IF(F62=0,3,IF(F62=1,3,0))+IF(G62=0,3,IF(G62=1,3,0))+IF(H62=0,3,IF(H62=1,3,0)) -> 9 | Z62: =IF(E62=0,168,IF(E62=1,165,IF(E62=2,155,IF(E62=3,135,IF(E62=4,105,IF(E62=5,60,0)))))) -> 165 | AA62: Сухой пурпурник
